id,effettuataDa,data,ora,durata,costo
1,3350433218,2019-11-29,10:08:31,1916,3.9071
1,3201338908,2021-08-26,18:51:57,3603,13.8493
2,3201338908,2017-05-08,19:22:46,1113,1.9511
3,3201338908,2017-06-14,22:45:28,4589,8.9199
1,3899402654,2019-06-29,13:36:11,4463,9.6991
2,3899402654,2020-11-06,21:17:55,6820,22.2397
3,3899402654,2021-07-27,12:04:33,1279,3.3433
1,3601161559,2021-01-02,18:29:00,6366,21.8446
2,3601161559,2020-02-04,12:56:01,5086,22.2746
1,3931618495,2022-10-25,17:46:04,5402,26.2413
2,3931618495,2023-08-25,13:33:43,4085,16.2781
3,3931618495,2022-05-04,16:20:26,5260,10.8467
1,3283413164,2023-01-08,09:02:53,1073,1.5459
1,3665341928,2018-11-17,10:31:12,818,0.6581
1,3488350305,2024-03-10,19:42:31,4317,14.5506
2,3488350305,2022-10-23,15:03:23,1818,5.9857
3,3488350305,2019-11-25,07:59:58,1719,6.0307
1,3459537672,2020-08-05,08:23:35,6100,28.8676
1,3938496965,2022-01-26,18:50:45,487,2.0628
2,3938496965,2018-12-14,08:46:04,6845,13.5776
1,3330122691,2022-03-25,10:06:46,1902,5.65
1,3898480184,2023-04-10,14:36:40,1475,4.5526
1,3496270482,2023-01-09,10:49:40,4733,10.497
2,3496270482,2023-04-08,20:56:06,1376,5.6425
3,3496270482,2023-10-12,19:32:21,5396,7.2959
1,3498932528,2023-06-08,18:57:20,4516,22.4129
2,3498932528,2022-10-08,18:26:48,5197,13.1617
3,3498932528,2022-10-06,14:36:34,1762,4.0384
1,3910154303,2022-10-15,18:28:28,3262,2.1774
2,3910154303,2021-07-22,16:38:01,4250,5.3212
3,3910154303,2023-01-21,07:19:14,1769,7.739
1,3911822782,2022-04-20,15:58:35,4198,12.9189
1,3458346578,2020-12-06,10:02:29,2923,3.926
2,3458346578,2021-07-20,18:56:37,2056,3.4465
3,3458346578,2024-08-12,16:05:36,3285,10.2906
1,3335098393,2019-03-14,09:46:20,6505,17.9385
1,3283105183,2022-10-03,10:38:41,2470,2.0467
2,3283105183,2022-08-28,19:05:49,468,2.1816
1,3932997376,2019-02-01,20:26:59,7119,8.4646
2,3932997376,2021-06-15,14:47:41,6968,22.8316
1,3805667010,2023-01-27,19:03:19,4305,3.6383
1,3353338726,2020-03-23,11:20:32,5726,9.2959
2,3353338726,2017-05-05,19:28:48,4885,15.4339
3,3353338726,2017-07-25,14:27:18,6451,15.3237
1,3471781080,2017-12-07,09:30:36,6115,5.3833
1,3917360260,2020-11-07,09:25:32,3569,14.3471
2,3917360260,2020-02-11,11:30:35,1632,4.5382
1,3894687234,2020-08-24,13:35:39,6036,17.7362
2,3894687234,2018-10-20,09:17:49,3533,7.3067
3,3894687234,2020-09-02,09:07:42,3398,8.5018
1,3930500978,2022-01-10,17:22:38,5379,4.1502
2,3930500978,2022-09-01,12:22:39,6740,33.4126
1,3921219136,2019-11-04,11:28:02,6712,11.2658
2,3921219136,2020-03-10,18:09:48,5977,26.0715
1,3289169985,2022-01-27,08:15:39,1219,5.4017
1,3603462475,2015-11-23,17:44:51,921,1.8317
2,3603462475,2018-06-16,07:21:13,6072,18.204
1,3351838425,2018-11-02,15:35:30,5113,19.5811
1,3407849808,2022-04-04,07:24:37,5445,16.0598
1,3384118244,2022-09-27,08:18:12,6475,23.86
2,3384118244,2023-04-22,08:29:41,78,0.0745
1,3454874016,2019-08-17,18:55:06,166,0.3211
2,3454874016,2023-01-22,19:14:24,4175,20.4519
3,3454874016,2018-08-30,17:31:55,4901,14.5564
1,3384278680,2017-05-16,21:35:59,5846,4.4417
1,3388059826,2019-05-27,16:21:31,3232,12.5801
1,3285331586,2023-11-28,18:22:40,2486,4.2019
1,3472260256,2023-04-15,08:40:16,3181,14.3943
2,3472260256,2024-10-18,07:35:17,1857,2.4588
3,3472260256,2023-08-13,11:05:46,3141,9.1815
1,3356073375,2021-11-10,14:26:15,4703,6.2483
2,3356073375,2020-03-05,17:28:34,1089,1.7017
3,3356073375,2019-03-15,13:55:08,2541,9.2754
1,3456541458,2020-03-29,20:58:49,1199,4.2089
2,3456541458,2022-08-26,12:20:04,4575,13.616
3,3456541458,2023-07-09,10:11:20,6887,30.843
1,3201429401,2021-11-09,17:56:26,3378,6.6924
2,3201429401,2023-03-24,11:49:12,884,1.0932
3,3201429401,2021-11-02,15:38:36,5026,8.3798
1,3606981693,2019-02-25,07:22:05,5647,22.8473
1,3208835615,2024-10-21,22:45:41,3073,4.4986
1,3354846564,2023-12-22,22:08:10,1593,2.624
2,3354846564,2023-07-05,07:59:17,3393,5.5342
1,3702994680,2019-07-19,13:04:11,3608,15.9626
2,3702994680,2021-02-26,17:55:29,2031,5.1169
3,3702994680,2022-10-05,08:38:47,6762,15.6537
1,3809957773,2022-12-11,08:33:06,3709,9.8161
2,3809957773,2020-12-20,14:33:34,3250,16.0223
1,3401489513,2024-02-10,19:33:48,5176,25.041
1,3452003791,2021-09-28,21:25:56,2504,10.0642
1,3456763201,2022-05-10,12:27:18,5032,23.3945
2,3456763201,2023-08-22,11:29:53,5302,13.9126
1,3927083172,2023-01-08,10:11:49,4805,22.7308
2,3927083172,2024-02-12,11:25:26,2659,6.9679
3,3927083172,2021-03-20,21:37:57,5847,26.5948
1,3899868727,2020-07-21,15:20:44,5323,24.4736
2,3899868727,2024-07-07,12:45:46,1022,1.0852
1,3474873471,2020-09-22,18:05:33,5804,13.5294
2,3474873471,2022-08-23,12:24:35,3127,2.6796
3,3474873471,2019-03-01,17:36:55,5412,23.8394
1,3608122362,2023-05-01,12:49:45,430,1.0685
1,3805876036,2023-06-19,21:18:40,1490,1.7523
2,3805876036,2020-02-09,13:00:39,6280,11.0747
1,3707054668,2023-12-01,22:34:51,57,0.1882
2,3707054668,2023-11-22,14:13:37,5412,14.7644
1,3486706562,2022-09-20,09:38:38,63,0.1088
2,3486706562,2023-04-24,15:39:40,4577,19.3173
1,3930699016,2016-10-18,12:09:03,5361,11.6821
1,3284653755,2024-01-15,08:42:36,6875,22.5562
1,3804170805,2018-01-03,08:06:26,1470,2.0077
2,3804170805,2019-02-10,12:29:47,4752,10.585
1,3280330923,2016-12-09,16:20:23,3114,13.1447
1,3359374529,2024-11-24,09:18:30,1112,1.3293
2,3359374529,2023-05-09,17:33:26,4307,6.7878
1,3404190496,2022-11-18,08:06:36,5987,29.3993
1,3471491905,2021-06-20,22:46:44,4964,23.398
2,3471491905,2024-12-09,16:27:38,6955,14.1751
3,3471491905,2023-12-04,18:59:08,5042,15.6541
1,3661850671,2023-12-14,22:31:51,1483,6.6674
2,3661850671,2021-03-02,16:12:00,978,0.7537
3,3661850671,2023-05-15,10:47:54,1708,7.0565
1,3892628498,2022-09-29,08:21:22,4600,19.1338
2,3892628498,2021-08-12,07:40:12,5662,10.6845
1,3485314737,2023-02-13,16:32:35,2663,10.6266
1,3207527354,2022-08-31,17:21:25,5944,18.6166
1,3488083136,2021-06-19,13:21:53,2778,12.9544
1,3917014363,2021-02-04,08:41:08,3954,5.2984
2,3917014363,2021-01-07,17:29:50,6679,16.4334
1,3938568557,2018-05-09,16:36:46,5565,11.3184
2,3938568557,2021-01-16,07:13:36,5625,11.8357
3,3938568557,2023-01-07,18:04:09,2307,9.9429
1,3471351823,2019-07-14,12:36:38,3201,4.7331
2,3471351823,2018-01-31,16:45:54,2586,9.6785
1,3929413435,2019-05-02,09:31:56,1956,4.4535
2,3929413435,2021-08-30,16:13:33,2486,3.5427
1,3932400842,2022-05-13,13:58:05,3645,10.4222
2,3932400842,2024-11-10,11:12:21,3970,15.2471
1,3209477752,2017-04-26,17:09:49,7151,7.8119
2,3209477752,2018-06-22,11:13:46,309,0.8211
3,3209477752,2019-07-31,10:00:19,370,1.3482
1,3911167190,2021-08-04,09:21:29,387,0.4309
2,3911167190,2020-12-31,16:01:36,6223,12.566
3,3911167190,2017-11-17,17:12:12,2357,4.3969
1,3491318699,2024-05-30,10:17:09,1300,2.4082
2,3491318699,2022-01-09,10:13:34,2879,8.773
1,3707749649,2022-10-04,16:36:15,1413,1.3782
2,3707749649,2023-11-12,21:03:08,247,0.6685
1,3353341232,2021-06-22,10:24:03,715,1.798
2,3353341232,2022-03-12,21:39:22,2569,5.4123
3,3353341232,2022-04-20,09:59:48,6272,16.8383
1,3807974034,2023-03-11,21:06:29,2552,9.2707
1,3891349361,2023-09-20,22:14:14,1187,5.2205
2,3891349361,2024-07-26,15:58:23,3221,4.7065
3,3891349361,2024-11-02,17:50:55,2670,7.0245
1,3482102499,2018-08-09,22:07:22,3931,10.4776
1,3894648877,2017-06-27,18:38:36,1053,3.0198
1,3609401399,2019-10-26,10:20:35,5330,5.1914
2,3609401399,2016-12-04,21:25:37,3396,5.7749
1,3282787429,2022-12-18,12:30:24,551,1.1808
1,3915655125,2022-12-07,20:50:27,4656,18.9891
2,3915655125,2022-09-03,14:11:42,5495,5.5181
3,3915655125,2023-08-11,22:07:37,4893,13.077
1,3708071545,2016-11-05,21:11:19,3334,3.2283
2,3708071545,2016-11-28,19:20:31,5293,18.6704
3,3708071545,2016-10-22,13:52:08,4767,21.8366
1,3920876038,2023-08-07,07:48:09,5423,7.1219
2,3920876038,2022-01-14,16:24:39,4744,12.3551
3,3920876038,2020-03-18,17:19:36,6517,30.1339
1,3890348247,2024-01-20,18:05:37,76,0.2521
2,3890348247,2024-04-06,19:54:08,6993,13.5767
1,3209324808,2022-08-28,08:00:45,4597,19.4143
2,3209324808,2021-08-04,10:55:18,7101,5.6936
1,3357127484,2023-08-07,19:40:20,5840,13.5805
2,3357127484,2021-10-19,20:34:13,5437,7.7103
1,3477826398,2017-08-03,19:53:59,2961,12.7516
1,3805840449,2023-02-14,11:08:00,597,2.0754
1,3387875588,2023-04-12,22:42:27,1122,1.1596
1,3603396360,2023-02-02,20:55:29,6472,23.8171
2,3603396360,2020-12-15,12:29:32,3484,10.6571
3,3603396360,2021-02-03,19:22:14,1532,3.8413
1,3706270289,2021-12-18,22:54:46,1949,7.3137
1,3891870262,2018-02-22,18:02:02,4664,12.8765
2,3891870262,2017-11-27,10:37:30,5666,5.7431
1,3485961586,2022-08-27,15:29:33,650,1.9075
2,3485961586,2021-12-22,09:15:30,5176,20.0862
3,3485961586,2022-04-21,09:43:40,4427,18.2618
1,3930913431,2023-04-22,08:57:21,4392,17.7449
2,3930913431,2022-07-01,21:32:57,3853,12.1518
1,3357240050,2020-08-26,18:51:18,2379,3.3128
2,3357240050,2022-03-10,16:46:50,4627,8.3066
1,3802386922,2019-08-15,12:36:03,5386,26.7051
2,3802386922,2021-07-02,07:18:31,685,0.8331
3,3802386922,2017-05-25,15:16:08,5054,9.5228
1,3709379237,2022-03-27,10:38:11,4857,18.791
2,3709379237,2024-08-28,18:51:11,2150,8.7239
1,3480748217,2021-08-06,12:51:33,7071,5.7279
1,3804743671,2018-06-23,11:53:31,6176,30.7083
1,3669440640,2022-09-07,21:46:40,1380,2.1809
2,3669440640,2023-04-14,08:41:16,6198,26.143
1,3914395339,2018-10-02,21:25:30,2478,6.7661
1,3284709521,2019-08-15,19:43:45,3205,8.7279
2,3284709521,2019-02-15,20:00:18,6541,17.0822
3,3284709521,2022-02-11,17:33:43,346,0.3766
1,3802328588,2021-08-19,18:54:27,5011,23.2753
2,3802328588,2022-11-14,15:21:17,2197,9.103
3,3802328588,2019-06-28,19:29:49,5541,21.6804
1,3914517123,2024-06-21,13:33:21,5561,20.3414
2,3914517123,2023-02-03,17:35:00,5521,3.8835
3,3914517123,2022-10-11,07:26:06,4312,4.8162
1,3935160481,2022-01-26,14:46:18,2073,3.1164
2,3935160481,2020-03-26,09:03:38,5388,24.4643
1,3489651370,2022-08-19,10:05:54,4963,6.1025
1,3471746120,2019-09-14,12:57:07,5708,8.363
2,3471746120,2017-01-26,21:42:59,630,2.1639
3,3471746120,2016-12-20,20:44:57,5478,21.9274
1,3351382675,2023-03-30,12:49:04,2281,9.2018
2,3351382675,2023-08-05,19:21:03,2125,10.2162
1,3386179640,2023-03-30,21:04:31,1653,5.4736
2,3386179640,2023-03-30,22:06:09,4438,17.7419
1,3897351585,2019-02-15,10:58:28,5870,10.5013
1,3451713900,2019-02-25,09:36:46,2062,8.3195
1,3451839335,2019-06-13,11:41:40,17,0.0801
1,3382842102,2017-05-10,15:09:44,2711,12.4345
2,3382842102,2018-05-22,07:32:45,6325,17.6654
3,3382842102,2017-08-12,19:54:46,6407,26.8231
1,3479502402,2022-10-02,14:00:24,5656,23.8187
1,3917589178,2018-03-02,18:21:43,2490,5.9826
2,3917589178,2021-01-11,09:23:34,7000,33.8147
1,3924700766,2023-12-26,16:41:12,1456,4.469
1,3891159212,2021-10-16,13:19:44,3205,14.587
2,3891159212,2021-08-15,18:31:05,5193,13.3179
1,3924789611,2022-09-26,08:12:01,5906,29.4374
1,3476576615,2022-07-13,19:04:50,4438,15.3323
1,3485271111,2022-11-02,21:01:02,2789,2.5368
2,3485271111,2024-04-05,08:25:07,1744,7.2622
1,3662809885,2023-12-25,21:43:55,7171,21.454
2,3662809885,2024-08-04,14:59:04,312,1.2023
3,3662809885,2023-11-20,07:30:58,5075,4.3906
1,3800494519,2024-04-30,11:00:11,5192,4.5853
2,3800494519,2022-06-01,10:29:39,1408,6.0354
3,3800494519,2021-01-18,10:07:31,4884,20.1697
1,3913158514,2021-10-17,13:27:21,6657,28.5511
1,3939980940,2020-10-29,19:20:07,5614,17.7544
2,3939980940,2017-10-17,17:53:50,1756,6.9859
3,3939980940,2020-05-07,12:21:04,999,1.8517
1,3495502296,2016-09-22,18:35:10,3603,6.206
2,3495502296,2019-01-17,08:08:06,6490,28.1574
1,3201836675,2018-11-16,12:01:56,3999,4.0648
2,3201836675,2016-10-21,12:59:05,5799,20.244
3,3201836675,2021-09-27,16:26:44,6624,27.1565
1,3609910229,2019-06-10,11:13:09,5251,9.6659
2,3609910229,2018-01-31,20:15:11,5011,18.3599
1,3807976438,2017-04-15,22:39:05,5147,21.8649
2,3807976438,2017-12-19,18:26:00,4578,7.7266
3,3807976438,2016-12-08,10:39:23,7077,28.0595
1,3354978403,2022-04-12,14:29:49,5141,18.1156
2,3354978403,2020-12-25,08:12:07,6535,8.5823
3,3354978403,2024-03-01,22:31:11,1318,4.7061
1,3493244510,2020-11-18,18:18:13,3570,6.2689
1,3386838851,2023-12-20,21:02:06,6075,5.4309
2,3386838851,2022-06-20,12:10:50,248,0.6866
3,3386838851,2020-02-08,09:57:15,5919,15.3552
1,3891596966,2020-01-28,20:12:47,5554,25.3241
2,3891596966,2019-07-16,10:20:14,813,1.3774
3,3891596966,2020-07-23,13:24:57,1817,1.7903
1,3602975161,2020-06-12,08:56:27,1197,1.9192
2,3602975161,2021-02-23,21:11:24,3069,3.86
3,3602975161,2021-10-07,13:40:22,2219,3.4237
1,3708164535,2017-01-24,08:17:08,920,4.0086
1,3358835523,2018-07-02,12:48:21,1811,8.1636
2,3358835523,2019-07-17,12:50:50,5236,25.1082
1,3409212779,2024-09-27,14:05:26,7030,20.5815
1,3605271774,2021-05-26,22:53:29,2296,1.675
1,3334770054,2019-12-28,14:15:20,3567,11.3348
2,3334770054,2019-03-07,11:58:36,51,0.1263
1,3926798079,2022-06-04,22:46:49,4140,3.3632
1,3918207151,2022-11-14,22:51:51,5716,24.1535
2,3918207151,2023-03-13,22:15:05,4585,18.0191
3,3918207151,2024-07-18,20:13:08,2946,5.7401
1,3897889255,2018-09-06,07:30:42,2507,3.4291
2,3897889255,2020-09-30,07:29:29,6332,8.025
3,3897889255,2022-02-12,19:11:50,7149,16.2413
1,3609051518,2024-07-31,07:55:40,589,1.375
2,3609051518,2024-07-18,17:33:02,2439,6.1274
1,3489251925,2022-05-24,13:50:43,673,2.2581
2,3489251925,2020-05-12,08:32:58,5536,12.4226
1,3334865281,2022-07-23,19:23:29,5081,4.2873
1,3660542357,2018-02-19,09:35:45,6347,9.8617
2,3660542357,2019-01-12,14:34:07,5326,14.594
1,3381418880,2024-11-13,13:48:47,6243,10.2608
2,3381418880,2023-06-01,15:32:43,3474,6.4881
3,3381418880,2022-08-08,18:22:28,3993,11.3386
1,3389622292,2022-07-18,16:28:39,3025,12.5021
1,3477947383,2023-01-03,09:12:57,3760,3.9292
2,3477947383,2020-08-30,12:18:04,905,1.2495
3,3477947383,2019-02-06,11:31:09,7177,11.1371
1,3455977468,2021-01-16,16:26:43,4445,20.9098
2,3455977468,2023-07-29,18:26:28,6053,20.9452
3,3455977468,2022-07-21,13:04:01,7151,29.6191
1,3403924075,2024-11-01,17:26:37,2818,9.8864
2,3403924075,2023-01-19,22:37:42,5718,16.9485
3,3403924075,2024-04-18,21:29:19,4656,5.7663
1,3921412478,2017-08-13,15:14:30,3056,14.8923
2,3921412478,2020-12-20,08:09:22,2339,6.1805
1,3477506068,2022-08-30,12:45:34,2346,3.4171
1,3335305152,2021-04-01,11:10:15,967,0.8171
1,3912779010,2021-02-03,11:28:16,3038,4.4542
2,3912779010,2021-01-09,08:42:20,2826,3.6957
1,3939861434,2019-05-25,12:34:19,1005,4.6785
2,3939861434,2018-08-21,22:49:09,3762,17.6332
1,3891179808,2021-06-22,17:41:45,2431,6.613
1,3496095396,2021-05-01,11:51:36,5978,27.4778
2,3496095396,2019-08-01,17:44:07,6003,16.4617
1,3661888880,2020-02-29,10:19:01,3300,11.0306
1,3705405153,2023-08-15,18:05:20,460,1.5189
1,3602058527,2024-06-08,14:50:59,6294,11.7762
1,3402170430,2017-09-16,21:43:42,725,3.5491
1,3498687403,2019-04-20,22:20:38,4966,14.319
2,3498687403,2018-07-10,18:25:09,5875,25.6531
1,3285415667,2021-07-02,18:00:18,2835,6.2064
2,3285415667,2021-11-01,09:13:46,3649,14.1579
1,3917584161,2024-05-02,21:18:10,6610,25.259
2,3917584161,2022-03-17,20:08:53,4820,15.7022
1,3601154479,2020-12-11,16:30:55,4313,21.3153
1,3667059640,2019-02-26,19:05:00,3364,11.5548
1,3922029702,2018-01-29,12:35:29,5828,18.2279
2,3922029702,2016-07-10,13:11:53,3137,6.0262
1,3665690927,2019-05-26,16:53:37,2499,7.0166
2,3665690927,2023-04-24,21:14:01,6491,4.3962
1,3339285654,2019-06-26,22:07:41,5465,24.7836
2,3339285654,2020-02-21,12:31:58,5644,19.5324
1,3407868144,2023-03-26,15:31:04,4916,19.1599
1,3497312172,2022-09-09,20:55:16,5154,18.7552
2,3497312172,2023-11-20,10:23:32,6014,19.0011
3,3497312172,2024-09-25,15:10:37,489,0.6357
1,3605188442,2024-12-04,11:22:10,443,0.8188
2,3605188442,2024-02-28,18:03:18,2399,7.105
1,3923132370,2021-12-06,13:49:40,1511,6.0143
1,3932911467,2021-11-01,17:55:20,6783,29.3589
2,3932911467,2022-08-02,15:43:44,5648,12.638
3,3932911467,2023-11-23,18:52:09,115,0.1449
1,3809125177,2023-09-03,22:26:21,1345,1.4936
2,3809125177,2023-01-23,14:53:12,6523,29.7052
1,3939226801,2024-09-05,10:26:29,635,0.7441
2,3939226801,2021-07-19,07:30:22,2562,9.38
3,3939226801,2021-08-04,21:56:38,4295,17.075
1,3405358414,2018-03-03,16:01:47,6682,7.8887
2,3405358414,2017-12-04,11:44:14,2528,3.0584
1,3499818299,2017-03-03,20:44:48,6432,7.4019
1,3609001094,2024-06-23,22:48:27,358,0.5433
1,3809078447,2022-03-13,08:30:07,2082,1.7785
1,3891027677,2021-01-12,07:48:06,6419,7.7227
2,3891027677,2020-08-30,13:37:57,1648,2.4183
1,3385556258,2021-06-18,09:09:54,6122,29.0672
2,3385556258,2024-07-20,18:22:10,7015,19.8951
1,3891473210,2021-09-10,14:32:36,569,0.6237
2,3891473210,2021-07-01,07:33:13,5873,8.7902
3,3891473210,2019-11-02,12:57:48,4410,3.0227
1,3803259532,2021-02-21,13:58:32,6983,26.0718
2,3803259532,2022-08-23,12:28:43,889,1.2894
3,3803259532,2022-07-30,19:27:13,4222,6.9778
1,3497016873,2021-09-07,17:07:29,913,2.6649
1,3284797480,2020-06-25,18:45:18,4574,17.3626
2,3284797480,2016-09-01,17:31:07,3162,5.994
1,3485650609,2023-01-19,21:14:35,3346,6.444
2,3485650609,2023-09-14,13:54:04,6899,28.5887
3,3485650609,2023-05-13,12:00:43,4037,14.4487
1,3491687849,2023-11-10,09:07:09,3244,7.7944
2,3491687849,2024-04-14,10:47:59,1392,1.3183
1,3356558523,2023-08-28,13:38:54,3321,3.9807
1,3280025787,2020-09-27,22:17:48,5854,23.3333
2,3280025787,2020-01-01,15:48:50,6571,22.7133
1,3602694958,2022-09-18,22:42:38,3323,16.4353
2,3602694958,2023-08-02,15:09:49,3734,4.2374
1,3497055169,2021-03-13,22:14:40,1112,0.8846
2,3497055169,2022-08-04,08:53:04,4090,14.745
1,3489930972,2023-01-10,17:09:19,5105,17.1903
1,3470913075,2023-05-28,22:50:29,1664,3.2261
1,3456897028,2020-01-29,15:34:21,6641,29.1667
2,3456897028,2020-05-23,07:48:02,3535,15.8387
1,3918652785,2023-04-12,21:20:54,3092,7.991
1,3489733484,2017-09-16,12:35:42,7058,28.5425
1,3493757584,2019-02-24,22:27:08,2569,9.6803
2,3493757584,2020-12-17,10:36:43,4028,14.2068
3,3493757584,2022-01-26,22:30:35,7008,9.4189
1,3936652404,2018-01-30,15:31:37,3104,10.3676
1,3894733848,2024-12-15,16:20:03,240,0.7741
2,3894733848,2023-03-03,18:22:51,6088,19.4645
1,3359933083,2024-01-26,19:06:27,2837,14.086
2,3359933083,2024-06-19,18:03:42,2010,3.4967
3,3359933083,2023-11-28,09:58:44,546,2.4199
1,3805712082,2021-06-16,12:01:34,2681,2.2216
1,3454540193,2023-05-16,20:17:01,5711,15.4313
2,3454540193,2021-02-15,17:24:36,3207,6.6187
3,3454540193,2021-07-20,22:06:44,5540,8.6365
1,3406206724,2018-03-29,17:10:39,2463,5.5199
2,3406206724,2017-11-12,13:31:40,6951,33.9751
1,3355478872,2023-08-30,13:18:16,399,0.7801
1,3451527420,2021-01-13,14:39:47,763,2.8816
2,3451527420,2022-01-09,10:37:21,2249,2.1549
3,3451527420,2023-04-10,22:27:13,2855,11.7469
1,3452966851,2024-02-12,16:32:51,2466,6.2701
2,3452966851,2022-07-10,17:12:26,3305,5.8019
3,3452966851,2022-05-21,21:42:48,4495,6.5145
1,3387530463,2023-07-13,12:36:31,1754,6.1919
1,3604990453,2018-04-27,15:59:40,4374,18.2485
2,3604990453,2020-06-24,20:59:36,5962,20.1672
3,3604990453,2018-08-17,13:23:29,1220,2.0841
1,3406841459,2021-04-27,16:54:27,3370,6.9001
2,3406841459,2022-02-18,09:40:13,6940,17.0301
3,3406841459,2022-02-04,16:41:10,2110,7.6868
1,3912795687,2023-04-22,14:07:09,1582,1.2446
1,3338785191,2018-04-18,22:35:27,3467,12.0305
2,3338785191,2015-11-25,13:10:17,1127,0.8937
1,3382587139,2024-03-05,12:41:54,355,1.7193
2,3382587139,2023-03-18,07:03:55,697,1.4128
1,3890728679,2020-07-05,09:57:26,2987,10.6852
2,3890728679,2020-08-12,09:25:53,5942,25.661
1,3490640391,2016-02-20,10:33:42,6801,21.6396
1,3338017046,2018-06-07,22:56:05,1960,6.4011
2,3338017046,2021-05-10,17:21:53,4796,18.5191
3,3338017046,2021-07-16,14:59:27,1795,2.3189
1,3805676618,2017-09-10,15:28:26,2093,9.2215
1,3408682300,2021-02-05,18:44:07,2602,7.8881
1,3936863375,2020-07-27,14:17:56,6434,30.4127
2,3936863375,2018-10-11,22:45:23,6738,13.49
1,3350690331,2019-07-13,08:53:47,5434,22.4356
2,3350690331,2016-06-09,14:16:35,3161,6.3436
3,3350690331,2020-01-23,18:57:51,5623,6.7227
1,3283067383,2020-06-11,21:24:00,3229,15.1307
1,3493959953,2020-01-28,09:59:52,6208,10.4729
2,3493959953,2019-07-26,12:58:28,5182,10.5771
1,3923644089,2019-03-31,08:17:55,666,2.8197
2,3923644089,2019-09-21,22:47:26,6900,14.5484
3,3923644089,2019-05-03,10:52:10,5731,10.3017
1,3910568566,2018-08-25,20:38:46,6673,20.2869
1,3408733427,2018-03-11,07:48:03,5264,18.1445
2,3408733427,2019-03-08,21:50:41,1124,0.7643
1,3938263435,2024-01-06,16:20:36,683,0.7833
1,3661830469,2024-08-28,11:54:38,5627,13.7563
1,3459837354,2017-09-14,22:55:47,1103,1.9813
2,3459837354,2019-01-10,17:51:18,1637,1.69
1,3357393638,2019-08-18,19:56:24,6847,30.8034
2,3357393638,2019-11-13,07:01:59,4585,15.9136
1,3898544587,2021-07-05,09:29:12,2154,7.9816
2,3898544587,2021-03-04,08:25:39,3523,11.5145
3,3898544587,2021-01-23,09:23:10,4656,5.4717
1,3915355609,2020-06-06,20:49:58,3726,15.8409
2,3915355609,2020-04-03,10:14:45,1674,2.4982
3,3915355609,2022-04-26,15:18:47,4058,9.424
1,3939964235,2022-05-20,13:38:13,6760,12.7957
2,3939964235,2021-05-18,13:26:11,3356,13.7619
1,3477854777,2018-07-08,15:15:39,3704,17.0326
1,3388728080,2019-02-07,21:05:00,3851,4.7902
2,3388728080,2017-08-25,19:43:13,5853,13.6286
1,3802312038,2024-03-29,15:04:06,4572,4.212
2,3802312038,2021-12-24,14:30:58,2912,14.5189
1,3917008860,2019-09-09,08:00:16,4143,13.8867
2,3917008860,2016-11-19,19:42:23,1093,5.3137
3,3917008860,2018-04-29,08:37:11,2142,3.0047
1,3490862118,2018-07-28,21:08:05,2609,9.7692
2,3490862118,2019-02-05,11:16:07,2576,2.2103
1,3924546156,2022-12-13,15:47:23,3533,6.6868
1,3474101666,2024-08-20,15:33:20,3579,16.2304
2,3474101666,2022-12-20,22:48:09,4562,19.9047
1,3202176591,2024-06-29,21:03:12,1227,1.1081
2,3202176591,2021-12-14,08:30:16,1349,5.0262
3,3202176591,2023-05-16,10:57:59,4064,3.4277
1,3914014890,2020-12-27,22:29:31,931,4.0331
2,3914014890,2021-11-15,11:07:22,776,1.2024
1,3459261429,2018-09-16,12:47:32,6748,12.4755
2,3459261429,2022-09-10,13:37:00,4319,17.2314
1,3935621850,2018-06-07,09:15:49,4090,14.7237
1,3335999650,2022-04-05,16:43:43,1009,2.3961
2,3335999650,2022-09-16,17:09:01,674,1.7935
1,3897358662,2024-06-22,22:29:40,2216,7.1833
2,3897358662,2022-08-22,17:02:41,5108,24.4531
3,3897358662,2023-07-15,11:13:55,408,1.6892
1,3493114262,2021-03-07,08:47:04,4492,21.5237
2,3493114262,2021-07-05,09:25:16,1468,2.5059
1,3351047541,2016-12-26,07:54:13,1344,3.1586
2,3351047541,2018-09-29,16:41:48,5368,7.164
1,3898886101,2021-09-21,20:47:51,2550,11.6863
2,3898886101,2022-05-09,11:22:42,797,3.405
1,3606046618,2018-11-05,22:28:56,3189,8.7099
2,3606046618,2020-11-18,20:05:48,3471,14.5122
3,3606046618,2021-03-02,12:27:40,3499,3.742
1,3402444721,2018-10-16,21:43:14,5315,19.3485
2,3402444721,2017-09-29,22:33:40,5312,15.6187
3,3402444721,2018-07-04,21:27:05,6576,17.994
1,3804715437,2022-05-18,16:53:15,4295,10.8241
1,3384065965,2020-03-16,09:58:02,4215,4.7759
2,3384065965,2022-04-28,20:06:29,5423,20.5424
3,3384065965,2024-06-30,15:22:16,4806,4.9069
1,3384593752,2019-07-24,10:47:42,3801,5.4914
2,3384593752,2020-06-28,19:02:05,3419,15.269
3,3384593752,2021-02-19,17:37:46,3737,14.7557
1,3919356465,2019-10-11,15:21:58,7148,29.855
2,3919356465,2017-06-18,12:05:47,4958,8.8767
1,3932807374,2023-01-25,20:34:01,57,0.1355
2,3932807374,2022-10-22,12:41:30,3779,13.8481
3,3932807374,2024-08-12,22:19:39,6671,32.6011
1,3807243426,2023-02-07,19:51:19,727,0.8787
2,3807243426,2019-04-23,13:07:52,140,0.5156
1,3919688680,2023-11-07,07:13:30,5323,6.8968
1,3475290965,2022-04-10,13:05:19,6315,16.8916
1,3483888993,2022-05-14,07:07:10,1258,4.866
2,3483888993,2022-06-30,22:30:01,7053,18.4406
1,3899825071,2019-06-12,16:36:53,6840,16.171
1,3331254573,2020-11-21,10:40:54,5851,14.8484
2,3331254573,2023-03-06,22:47:37,4891,18.7554
1,3911775140,2023-01-28,22:25:31,4215,13.6053
2,3911775140,2024-09-08,22:14:45,507,1.4987
1,3601238282,2021-12-11,17:35:04,2204,9.9969
2,3601238282,2021-01-19,22:07:31,5111,24.2032
1,3893622660,2024-05-27,20:01:10,2369,9.0344
2,3893622660,2024-07-09,18:28:14,4168,6.7468
1,3806033419,2018-01-16,21:08:56,2413,9.1685
2,3806033419,2018-05-01,20:53:43,5355,20.616
3,3806033419,2020-08-09,22:51:54,1337,4.4941
1,3457147859,2023-03-26,09:42:30,1067,1.5126
2,3457147859,2020-03-27,22:06:50,3417,16.2418
1,3355579249,2023-04-28,14:13:35,395,1.9737
2,3355579249,2023-08-19,15:22:43,1309,1.8637
1,3601341252,2020-11-28,09:21:27,943,3.1522
2,3601341252,2021-05-29,14:31:16,2797,11.3777
3,3601341252,2020-12-28,15:57:09,7001,25.6044
1,3389662782,2024-08-11,10:45:03,3596,14.8477
2,3389662782,2021-11-05,10:50:39,5004,20.2963
3,3389662782,2021-10-17,08:32:06,1378,4.6802
1,3382579050,2022-06-18,12:46:18,5811,14.9919
1,3708876767,2023-04-11,10:09:41,2989,6.3266
2,3708876767,2021-04-03,10:54:12,3607,17.5604
3,3708876767,2024-10-17,07:15:53,6638,18.0501
1,3203404384,2019-09-20,12:05:17,3060,11.5235
2,3203404384,2019-03-19,18:40:42,2020,2.6738
1,3918819148,2021-06-24,14:08:51,3522,8.6575
2,3918819148,2021-05-30,21:54:33,6519,23.6174
3,3918819148,2019-04-13,21:09:49,91,0.3437
1,3898361340,2020-06-08,09:21:20,3300,16.2418
2,3898361340,2020-12-19,20:03:25,6229,5.1539
3,3898361340,2023-08-23,11:57:36,483,2.3684
1,3337133959,2023-10-03,20:25:56,5587,20.691
2,3337133959,2023-10-21,17:58:22,74,0.3145
3,3337133959,2022-12-02,19:28:41,1690,7.6267
1,3383309584,2024-03-04,18:56:51,6412,22.3006
2,3383309584,2022-10-20,16:05:02,4412,9.3364
3,3383309584,2022-05-27,16:13:05,4201,12.8456
1,3494948126,2017-07-29,12:01:01,6535,19.6467
2,3494948126,2017-02-11,14:53:49,2499,9.5334
3,3494948126,2018-07-01,10:46:03,6904,15.7612
1,3382325367,2019-06-11,18:07:03,6207,21.6469
2,3382325367,2017-04-18,21:19:36,6046,4.1673
3,3382325367,2018-07-01,14:51:47,4774,14.8834
1,3806711684,2024-08-28,14:22:19,2340,8.3226
2,3806711684,2024-10-18,11:45:24,4267,16.4815
3,3806711684,2023-02-01,17:33:37,1587,6.7167
1,3915901751,2023-07-18,10:09:45,3497,14.8852
2,3915901751,2021-06-15,09:03:27,1075,2.9352
1,3803745458,2021-12-02,18:43:33,3309,10.6408
2,3803745458,2024-05-23,19:55:16,4796,13.5643
1,3915001701,2019-03-30,22:46:26,6758,9.2741
2,3915001701,2019-08-11,11:31:45,3759,4.6136
1,3206324241,2023-10-13,10:44:13,3740,10.1648
2,3206324241,2024-06-08,12:35:23,982,3.2147
3,3206324241,2023-06-28,10:07:23,4693,9.0179
1,3335206436,2022-10-12,10:23:19,3077,6.0949
2,3335206436,2023-09-18,07:50:09,1174,4.7701
3,3335206436,2023-07-14,08:59:57,2509,11.3388
1,3203712938,2023-02-21,22:00:07,4495,9.7878
1,3205162713,2021-08-22,22:36:19,4644,12.1996
1,3351554262,2024-04-23,22:53:46,6839,22.5099
2,3351554262,2022-12-21,21:48:28,5475,14.3043
1,3209275326,2023-09-26,09:51:39,5453,18.3705
2,3209275326,2024-01-31,14:57:25,2787,8.3916
3,3209275326,2024-05-24,15:41:05,7103,9.8329
1,3451121965,2023-01-09,16:35:41,1024,3.5399
1,3383413899,2022-11-23,08:36:33,1561,6.1177
1,3204389836,2018-06-03,10:42:59,4366,6.3113
2,3204389836,2018-06-03,15:50:13,2019,8.605
3,3204389836,2023-01-08,21:05:51,4380,14.4381
1,3477613791,2024-03-24,08:31:55,200,0.428
2,3477613791,2021-12-08,20:01:55,4334,8.85
1,3602696582,2020-10-17,10:06:34,1387,2.6397
2,3602696582,2021-04-23,15:49:05,1273,2.541
1,3330430068,2022-01-07,12:03:39,2674,3.8853
2,3330430068,2022-03-19,08:19:24,818,1.6798
1,3701889241,2020-04-17,15:24:52,1000,0.8915
2,3701889241,2019-10-27,14:31:32,6173,17.6084
1,3452856914,2023-08-04,08:20:29,4541,11.0376
1,3470316179,2021-12-28,20:40:14,162,0.297
2,3470316179,2022-05-25,14:48:35,5347,21.7583
1,3401020275,2024-01-20,20:28:05,6942,23.7541
2,3401020275,2022-01-03,11:23:34,1387,5.6249
1,3662410564,2023-04-02,21:02:00,6667,17.8686
2,3662410564,2024-05-10,16:41:10,14,0.013
3,3662410564,2023-07-31,15:38:16,6887,24.885
1,3337785079,2021-08-06,13:37:53,4190,7.901
2,3337785079,2017-10-11,09:19:05,3248,11.9955
1,3481913800,2019-03-16,15:56:27,1737,5.7528
1,3666220863,2023-07-27,17:40:16,6176,23.0587
2,3666220863,2020-02-22,14:42:20,2808,4.4349
1,3604195180,2018-11-08,07:58:44,1105,3.8321
2,3604195180,2017-01-09,22:00:57,88,0.3152
3,3604195180,2019-05-01,22:48:25,4418,4.4989
1,3286174451,2024-11-08,09:34:01,6826,28.6891
2,3286174451,2023-09-13,10:22:52,3093,13.1525
3,3286174451,2023-03-19,19:11:53,6301,26.3682
1,3663494937,2019-10-31,21:23:59,1590,4.1231
1,3458320603,2021-03-09,15:43:58,5819,12.902
1,3205064138,2022-04-01,16:51:45,1821,3.0625
1,3282410386,2023-11-17,08:17:31,5777,21.5493
2,3282410386,2023-06-13,07:12:52,5240,12.4871
1,3339182619,2024-07-23,22:10:35,1597,5.631
2,3339182619,2024-07-16,12:04:37,1060,4.1332
1,3383445655,2021-07-14,14:56:33,5981,24.2615
1,3333291212,2024-10-18,07:44:43,4375,14.5657
1,3801853747,2021-02-11,21:00:27,5260,18.8489
2,3801853747,2021-08-14,08:54:20,3553,15.3684
3,3801853747,2020-04-03,15:07:43,4255,11.4397
1,3499035213,2021-11-22,08:56:46,1849,1.609
2,3499035213,2021-05-07,21:20:00,3220,4.8621
1,3284420678,2024-05-18,07:47:14,5658,14.1632
1,3352100323,2020-11-22,13:10:21,2556,2.4001
1,3339941013,2022-07-08,07:30:27,6629,5.1094
2,3339941013,2024-06-24,17:53:16,2034,2.3065
3,3339941013,2022-11-30,17:53:03,6740,14.2363
1,3381510702,2021-11-05,21:48:06,5132,13.3499
1,3707066253,2017-07-31,08:58:02,3101,6.2771
1,3892099934,2020-12-17,11:03:58,6583,16.995
2,3892099934,2022-04-15,20:04:06,5560,5.0508
3,3892099934,2020-11-20,16:54:24,3300,3.5704
1,3937014626,2018-07-18,07:29:24,3812,15.6764
2,3937014626,2022-03-04,10:21:41,5545,22.5091
1,3930657875,2024-03-30,17:37:12,894,0.9938
2,3930657875,2024-09-05,09:37:50,6897,10.3846
1,3482059304,2016-05-13,15:22:26,3953,15.0479
2,3482059304,2018-02-24,12:15:08,6539,5.6081
3,3482059304,2016-05-16,16:37:27,4213,20.33
1,3669321334,2022-09-24,11:09:30,2538,8.3274
2,3669321334,2022-08-14,18:00:33,4814,16.9289
1,3479652239,2018-11-21,14:32:52,6851,21.1761
1,3205992937,2023-06-13,18:12:12,5257,24.2006
1,3910103930,2022-10-27,13:42:30,5701,20.8921
1,3609325250,2018-08-11,17:54:37,4647,22.4912
2,3609325250,2018-09-13,16:26:21,1339,1.501
1,3381851569,2018-11-30,14:58:00,5242,8.5608
1,3602267528,2024-02-01,13:15:30,6027,24.085
1,3406442209,2023-12-02,19:13:25,1519,6.4502
2,3406442209,2019-06-06,18:00:04,2941,2.3432
1,3609391725,2016-09-02,16:28:12,5181,16.6032
1,3602157043,2018-01-17,07:12:12,2337,3.3216
2,3602157043,2022-10-07,15:46:11,2793,12.1197
1,3350067626,2021-07-13,13:01:11,6914,12.4527
1,3936179327,2015-12-11,11:24:41,6460,29.0811
1,3604115262,2017-01-08,16:29:15,3038,12.682
2,3604115262,2019-07-20,12:33:51,5115,22.9521
1,3910629620,2016-07-02,10:09:56,1081,4.4442
2,3910629620,2017-03-18,19:44:23,2614,8.534
3,3910629620,2019-09-14,14:58:02,6261,20.8875
1,3456884443,2020-11-12,16:50:09,2694,4.6815
1,3937205061,2022-10-07,15:55:08,6985,20.0411
2,3937205061,2021-07-31,22:13:46,676,2.7492
3,3937205061,2022-09-27,09:10:32,3189,12.5083
1,3350324171,2022-09-03,18:31:33,3813,5.4996
2,3350324171,2022-06-16,18:33:44,3969,14.9545
3,3350324171,2021-03-27,22:17:37,3294,11.3043
1,3914186256,2022-10-15,08:13:14,1672,4.3901
2,3914186256,2020-06-17,19:13:19,3491,15.7714
3,3914186256,2022-05-08,12:59:53,3074,5.4398
1,3487743490,2017-06-14,09:18:28,4260,9.3301
1,3668693806,2021-02-03,21:32:39,2765,6.9487
2,3668693806,2023-06-26,20:26:23,6600,18.6297
3,3668693806,2022-05-24,19:01:11,3628,6.0942
1,3937937416,2015-10-26,18:57:05,2422,10.4581
2,3937937416,2018-04-08,09:50:17,1875,2.0496
3,3937937416,2015-10-17,18:02:34,1650,3.4864
1,3892233206,2017-09-22,15:19:47,6691,26.7423
2,3892233206,2020-08-14,15:12:45,4958,24.7469
3,3892233206,2020-09-03,15:00:49,2463,4.6501
1,3389451168,2023-11-06,19:25:52,4760,18.8043
2,3389451168,2019-07-11,22:41:32,6245,29.9122
1,3488709986,2017-07-16,14:46:47,1729,4.7073
2,3488709986,2019-02-26,21:46:52,3789,8.1193
1,3389991191,2019-12-19,13:27:49,5727,14.1838
1,3804679970,2019-06-16,07:23:08,4740,21.1068
2,3804679970,2018-08-24,07:31:51,5407,23.1526
1,3389960653,2016-10-25,20:27:43,6175,14.9101
2,3389960653,2019-12-02,16:20:37,200,0.6252
1,3485054447,2023-03-14,11:21:36,5169,21.3461
1,3472475469,2023-11-07,19:24:13,3210,3.0262
2,3472475469,2023-04-29,13:30:06,2703,8.4727
3,3472475469,2023-07-05,16:05:10,864,3.1028
1,3456785082,2015-12-01,22:01:11,1640,1.5872
1,3926289023,2018-11-05,13:14:18,5413,15.9091
2,3926289023,2019-10-21,08:23:33,100,0.1411
1,3890534578,2021-08-23,12:07:08,4404,10.921
2,3890534578,2023-08-14,09:24:57,7101,11.0876
1,3475797279,2022-12-03,20:52:45,5455,14.8597
1,3404140602,2024-08-22,16:37:12,4126,15.5661
2,3404140602,2023-12-28,15:12:00,1178,3.0606
3,3404140602,2023-08-28,14:33:21,4673,20.9196
1,3473468007,2019-01-29,08:47:05,2368,8.2106
2,3473468007,2019-01-16,18:44:53,5839,23.9409
1,3203494466,2022-05-08,12:26:15,1481,6.763
2,3203494466,2023-01-09,20:29:24,5409,7.9058
1,3457489691,2015-08-15,19:44:02,1973,8.8864
2,3457489691,2015-12-21,15:56:40,4415,8.5277
3,3457489691,2015-06-17,13:58:31,3379,16.7836
1,3494171545,2018-10-15,18:04:48,871,2.4844
2,3494171545,2022-06-24,17:26:28,1360,2.3963
3,3494171545,2020-12-11,08:29:01,609,2.092
1,3493283096,2024-07-05,21:24:21,6120,14.6705
2,3493283096,2022-12-15,19:02:00,2062,2.3994
3,3493283096,2024-12-24,11:20:42,6143,16.4534
1,3380744666,2015-10-12,09:35:42,1994,7.4952
2,3380744666,2017-11-07,11:30:52,2296,9.9037
1,3478758428,2021-09-25,07:38:06,1461,2.8362
1,3912482513,2023-02-22,19:10:04,5510,21.9053
2,3912482513,2022-10-14,15:09:28,2943,4.2313
3,3912482513,2022-12-29,08:57:43,4370,7.0068
1,3496554947,2016-08-03,10:24:44,2535,6.5672
2,3496554947,2019-09-05,07:03:49,3101,12.3756
3,3496554947,2017-09-21,18:58:15,1648,1.7513
1,3337381684,2019-10-17,07:21:52,1584,5.7232
2,3337381684,2019-12-28,14:56:06,6538,28.0262
1,3382356972,2019-06-28,12:02:26,4208,4.7689
2,3382356972,2020-05-19,17:35:40,1562,5.2695
3,3382356972,2021-08-02,19:27:07,1913,3.0475
1,3915250074,2019-03-01,12:00:25,5367,10.9328
2,3915250074,2019-07-14,13:29:14,550,1.9348
1,3407129666,2023-06-17,18:02:04,1800,4.4066
2,3407129666,2024-02-12,22:06:45,4402,18.0282
1,3200835058,2018-02-06,15:06:38,2667,13.1202
2,3200835058,2021-01-16,19:43:59,6329,23.2451
3,3200835058,2019-01-01,12:40:48,5643,11.5372
1,3473542168,2024-04-22,09:21:01,4995,23.0725
2,3473542168,2024-02-14,19:32:40,6086,10.187
3,3473542168,2024-11-24,07:14:01,5059,20.0104
1,3330447898,2020-07-09,14:47:27,6213,10.699
1,3385753260,2017-11-24,11:23:31,2439,3.7611
1,3383098215,2023-07-20,08:15:59,5951,19.3903
2,3383098215,2024-03-21,17:08:17,2611,9.0226
1,3488909010,2018-06-18,20:41:52,2373,9.2999
1,3701847230,2023-02-16,17:21:15,1696,5.0942
1,3358499261,2022-02-17,14:38:55,3135,9.1742
2,3358499261,2021-10-07,21:40:00,539,2.3911
3,3358499261,2021-02-17,13:03:40,1169,5.5323
1,3357393483,2019-07-13,12:37:35,6819,28.0443
1,3400873753,2016-05-10,09:27:46,3836,7.7347
1,3359721811,2018-12-24,14:27:11,4973,8.6805
2,3359721811,2019-06-22,21:40:12,2237,9.8514
3,3359721811,2020-07-27,09:23:25,3104,4.3259
1,3494701204,2021-05-30,20:48:09,6724,32.2726
2,3494701204,2021-09-29,07:48:24,3511,15.3343
1,3351002255,2023-03-31,11:35:46,1449,2.5815
2,3351002255,2022-07-05,16:29:18,3083,9.5654
1,3335521667,2018-06-15,17:08:45,3854,5.8379
2,3335521667,2019-02-11,07:00:55,4111,15.7517
1,3916212021,2022-06-04,19:59:26,3242,15.7955
2,3916212021,2021-10-05,19:31:19,5261,26.0205
1,3892965902,2022-09-17,08:58:07,3162,14.88
1,3807014508,2022-07-22,20:16:49,6166,23.4086
1,3608891637,2022-11-09,22:40:44,3026,11.1497
2,3608891637,2022-07-13,19:59:27,6036,10.4791
3,3608891637,2021-07-23,08:58:52,2970,10.1004
1,3939002877,2017-01-05,11:16:38,3741,17.8015
2,3939002877,2017-09-06,15:15:38,4747,22.7431
3,3939002877,2021-07-29,12:00:07,6325,6.7466
1,3603540838,2024-10-14,19:25:45,4811,23.516
2,3603540838,2022-06-11,13:56:27,1368,5.8308
3,3603540838,2022-12-04,16:32:34,5404,24.3657
1,3471779717,2021-09-28,20:48:56,5970,26.4718
2,3471779717,2020-08-17,18:52:09,2213,8.6554
3,3471779717,2024-03-18,19:44:19,62,0.3065
1,3910166088,2015-01-05,10:04:49,5714,14.1553
2,3910166088,2017-05-04,16:46:27,1407,2.0135
1,3498837550,2021-06-13,11:12:31,1500,4.267
1,3939975711,2023-08-27,13:11:12,493,1.9307
1,3664885102,2021-12-23,20:28:40,5125,5.8417
1,3801493316,2018-05-09,09:18:05,3104,3.7464
2,3801493316,2017-10-12,17:01:37,1933,5.2917
3,3801493316,2021-03-11,10:00:03,2189,8.5906
1,3455160917,2023-11-11,08:06:13,4288,17.5711
1,3208086978,2020-05-14,15:59:31,3886,15.3366
2,3208086978,2020-05-17,20:21:23,5595,25.3117
1,3381699586,2024-04-10,14:23:42,3274,7.5517
2,3381699586,2020-01-07,18:55:21,6614,7.2805
1,3604722698,2023-03-27,19:46:53,1147,0.8923
2,3604722698,2019-01-16,15:44:48,6686,11.6581
1,3933339452,2024-09-13,22:32:26,5418,8.0243
2,3933339452,2024-10-03,17:01:40,2960,13.1766
1,3601587996,2023-06-23,21:14:38,3979,9.5524
2,3601587996,2024-04-12,09:22:27,3910,19.3276
3,3601587996,2024-12-18,10:46:24,2417,7.9707
1,3800810620,2022-12-02,08:08:31,6537,6.825
2,3800810620,2024-11-07,21:10:57,3665,17.6111
3,3800810620,2023-11-14,14:15:13,1406,5.5266
1,3404420438,2019-04-16,09:06:27,5873,4.659
2,3404420438,2017-03-12,19:49:17,1815,6.8663
3,3404420438,2019-02-05,22:57:42,1018,3.6143
1,3891983863,2024-04-13,22:05:50,5677,11.9717
2,3891983863,2021-12-26,09:41:21,3098,14.284
3,3891983863,2024-11-23,19:41:41,6441,19.9772
1,3286665800,2022-05-09,14:14:16,957,1.8447
2,3286665800,2018-06-12,09:21:47,4861,22.9824
1,3893598933,2018-12-13,18:08:54,2577,12.3721
2,3893598933,2021-07-14,07:19:03,4843,14.469
3,3893598933,2023-01-18,19:27:20,6328,14.2281
1,3332281606,2022-08-07,11:33:42,4938,15.9334
2,3332281606,2018-09-24,19:00:34,6992,18.617
3,3332281606,2018-12-11,16:53:14,4104,14.8288
1,3409405720,2020-02-05,16:09:47,5460,23.7304
1,3289479851,2023-01-13,17:19:32,5651,6.7907
2,3289479851,2024-12-01,22:40:53,1777,4.9965
3,3289479851,2024-11-29,19:03:51,2739,3.6384
1,3472818268,2022-03-16,14:44:47,440,2.0535
2,3472818268,2022-01-10,22:46:25,2460,12.1336
3,3472818268,2024-09-20,12:01:35,3223,6.861
1,3663355543,2024-08-03,18:48:25,3213,3.142
2,3663355543,2023-07-10,16:44:59,1608,5.9573
3,3663355543,2024-02-22,10:08:20,6172,25.2776
1,3201573993,2020-03-19,16:29:41,1350,4.2764
1,3356484085,2024-09-02,22:18:57,1196,1.8845
2,3356484085,2024-12-18,13:47:41,84,0.1879
1,3284358112,2021-08-09,11:24:27,5576,24.0541
2,3284358112,2021-05-08,10:22:30,1481,7.0524
3,3284358112,2021-09-10,17:37:27,1227,4.1516
1,3453613861,2023-05-20,08:07:15,3259,9.0732
2,3453613861,2024-08-16,12:41:47,3085,12.4285
1,3600110248,2019-06-26,09:49:29,7095,29.8854
2,3600110248,2017-12-07,15:40:41,3656,8.2567
3,3600110248,2016-06-18,10:05:07,4017,13.843
1,3806766506,2023-03-08,07:37:36,4700,12.8991
2,3806766506,2024-06-30,10:50:37,1493,3.4794
3,3806766506,2024-05-11,20:19:36,1035,1.136
1,3339015814,2024-09-10,12:25:52,5750,4.3253
1,3334766072,2023-12-29,22:04:33,6867,21.9776
2,3334766072,2024-12-26,10:48:48,1709,8.2908
3,3334766072,2021-08-23,12:55:38,5705,8.2517
1,3708424508,2023-09-25,17:07:02,1065,3.364
2,3708424508,2024-11-19,12:05:35,2113,9.2048
3,3708424508,2021-06-03,09:07:32,2455,5.5043
1,3209968814,2018-04-27,20:42:00,2044,4.0252
2,3209968814,2020-04-08,16:42:34,3654,4.6505
3,3209968814,2020-02-09,17:33:58,2894,9.5311
1,3808222394,2018-05-10,10:42:52,376,0.637
2,3808222394,2018-03-27,11:19:54,6830,10.9229
3,3808222394,2017-12-06,13:37:22,2282,2.7919
1,3288781414,2018-06-21,09:35:16,2145,4.9787
2,3288781414,2017-01-07,19:29:05,2092,7.5276
3,3288781414,2019-12-31,11:34:13,588,1.9961
1,3915523149,2019-05-02,13:45:23,4627,16.2641
2,3915523149,2020-05-20,12:26:52,1267,2.5816
1,3895949299,2021-03-19,07:38:15,645,1.185
2,3895949299,2022-01-25,10:43:35,3342,3.1832
1,3802053364,2019-07-14,18:58:21,6383,11.8134
2,3802053364,2023-11-27,14:17:00,812,1.8684
3,3802053364,2020-04-12,19:06:50,1021,1.4582
1,3607775478,2021-02-17,16:37:52,6619,18.4561
2,3607775478,2019-03-10,18:44:36,7099,13.4075
3,3607775478,2017-09-28,10:57:03,1408,2.8789
1,3334283411,2016-03-23,18:51:47,5562,27.0387
2,3334283411,2018-03-11,19:30:37,1055,1.8877
1,3709308488,2023-03-05,11:42:08,1178,2.719
2,3709308488,2024-06-02,15:03:58,5952,20.4541
3,3709308488,2022-05-16,14:43:38,3436,12.8143
1,3479427881,2021-11-29,18:51:29,4124,7.875
1,3203928272,2019-12-06,14:19:40,7038,7.3436
2,3203928272,2018-09-21,20:49:20,6934,7.3312
1,3915037314,2019-07-30,14:05:10,4722,4.3228
1,3458567700,2023-01-28,22:51:55,97,0.4691
2,3458567700,2023-06-19,11:30:31,4228,15.371
3,3458567700,2024-03-04,10:25:00,5058,7.5405
1,3924498926,2022-05-09,20:44:34,6151,13.298
2,3924498926,2024-05-27,08:38:28,1390,4.9895
3,3924498926,2024-10-21,14:11:04,3016,12.9812
1,3338463865,2020-11-07,08:27:31,3115,4.3779
2,3338463865,2019-07-04,17:58:43,2056,8.7808
3,3338463865,2023-08-23,10:18:19,3967,7.6908
1,3919082723,2015-11-17,19:13:59,2507,11.7649
1,3382259136,2021-08-05,08:59:29,5070,22.0183
2,3382259136,2019-01-10,18:00:39,3781,7.9038
3,3382259136,2020-09-08,10:00:22,5928,8.734
1,3917392603,2015-07-15,10:27:31,1628,1.6832
2,3917392603,2018-05-15,11:26:07,4002,2.7878
1,3402809202,2019-04-20,14:30:25,3076,6.0399
2,3402809202,2020-04-19,12:34:51,2217,2.5222
3,3402809202,2020-05-10,21:10:08,2907,11.3491
1,3709904137,2023-10-26,13:07:12,2343,1.9707
1,3912369292,2024-05-08,17:57:02,1323,4.7014
2,3912369292,2024-09-04,15:07:26,4016,12.251
1,3607991366,2020-06-27,11:20:48,6271,25.3858
2,3607991366,2018-09-22,19:08:07,893,3.6629
3,3607991366,2017-03-11,11:22:32,121,0.483
1,3928629127,2022-03-10,17:27:38,6051,4.2445
1,3938117298,2016-08-20,16:31:05,6243,15.7664
2,3938117298,2018-06-23,11:46:32,1540,2.6914
1,3805086376,2023-10-11,15:44:15,5468,23.0894
1,3487314986,2020-07-19,10:44:46,4125,13.6734
1,3209818063,2024-05-16,11:14:07,1093,2.6293
1,3661269448,2020-10-29,11:27:01,5060,7.7508
2,3661269448,2024-08-06,08:24:26,4310,8.5967
1,3486368872,2020-06-13,14:21:27,3935,3.6694
2,3486368872,2021-07-19,08:19:07,2215,4.9664
3,3486368872,2021-02-13,20:15:20,399,0.5802
1,3499562137,2022-12-28,17:13:18,3877,7.2914
1,3926589026,2022-09-12,20:11:16,4034,9.045
2,3926589026,2023-11-03,10:06:42,121,0.4388
3,3926589026,2022-11-11,17:23:47,6645,14.8361
1,3387961143,2022-02-15,18:15:41,2270,3.5794
2,3387961143,2021-04-24,09:56:06,1078,3.6595
3,3387961143,2022-07-14,10:02:37,5370,22.6011
1,3706984902,2024-09-05,10:04:34,5080,10.935
1,3203843098,2023-06-12,13:34:46,1268,1.0861
2,3203843098,2021-11-10,20:35:45,2078,9.4138
3,3203843098,2023-12-05,18:57:23,3683,12.5078
1,3285302146,2021-05-29,09:30:26,4300,20.2205
1,3458011848,2021-08-29,12:38:17,5717,27.7795
2,3458011848,2023-03-01,08:36:03,6517,31.8077
3,3458011848,2022-08-09,19:31:43,4371,19.3975
1,3483937690,2018-11-09,21:48:32,3156,9.7967
1,3358184518,2020-02-20,15:13:11,39,0.053
2,3358184518,2019-02-11,07:56:59,6486,18.7366
1,3896973577,2024-07-11,15:19:54,1814,3.5389
2,3896973577,2023-02-01,10:10:14,383,1.1409
3,3896973577,2023-03-21,08:40:09,2285,10.7046
1,3481633565,2021-01-30,14:52:13,4389,5.1357
2,3481633565,2024-06-06,18:40:38,3033,6.2877
1,3483416518,2021-12-17,15:46:08,3355,15.297
2,3483416518,2018-08-28,17:03:40,6694,4.7646
3,3483416518,2018-12-31,14:46:17,1457,2.5876
1,3663942373,2020-08-24,10:46:47,5647,13.1119
1,3453339521,2017-10-16,13:52:28,1817,3.7645
2,3453339521,2017-06-28,19:09:28,1908,7.3061
3,3453339521,2018-10-12,18:09:57,3934,4.2198
1,3919080759,2021-02-10,12:52:55,1452,2.1563
1,3487284639,2020-07-12,12:41:18,182,0.3659
2,3487284639,2021-05-27,12:52:25,5640,18.6152
1,3807808562,2020-12-06,09:27:15,3737,17.2135
1,3895003691,2019-03-19,11:46:48,6629,4.758
2,3895003691,2019-03-18,19:24:01,911,3.8703
1,3482843479,2019-02-04,11:15:49,694,1.2676
2,3482843479,2022-05-14,07:50:00,6495,7.3229
3,3482843479,2022-12-23,17:54:45,706,1.0896
1,3916365564,2024-04-25,21:52:10,2528,5.3196
2,3916365564,2020-12-03,14:03:34,5679,10.3678
1,3471438663,2017-04-30,07:52:02,852,2.5788
2,3471438663,2017-03-19,20:09:00,1847,1.4234
3,3471438663,2019-01-12,19:09:22,5378,10.2702
1,3202672885,2022-08-13,10:31:10,912,1.4953
2,3202672885,2022-01-15,18:04:39,2743,3.2354
3,3202672885,2020-12-07,08:38:09,1468,3.7053
1,3939061203,2021-03-20,12:43:27,1240,5.6257
2,3939061203,2021-09-15,16:39:52,2361,5.1383
1,3357545588,2019-05-31,22:42:23,2184,9.1286
1,3801593998,2021-06-08,09:50:00,7069,33.2955
2,3801593998,2017-10-16,11:20:09,3209,8.3509
3,3801593998,2021-06-04,22:52:04,937,2.9709
1,3608771694,2021-10-06,11:05:20,1054,1.5333
2,3608771694,2022-05-12,18:20:31,3482,9.5833
3,3608771694,2022-07-10,17:08:51,5367,25.0118
1,3606996112,2021-03-15,22:34:34,4045,12.0301
2,3606996112,2023-06-18,14:24:05,4769,17.9537
1,3494964759,2024-01-31,14:44:05,1936,4.3252
2,3494964759,2021-12-25,07:23:35,3892,18.7452
3,3494964759,2021-06-17,08:58:22,2966,12.8861
1,3402023413,2018-07-11,21:09:53,7000,21.3955
1,3351780068,2017-04-17,13:52:14,467,1.823
2,3351780068,2016-08-04,11:24:46,225,0.8287
1,3381643347,2024-02-11,08:44:06,5439,17.3339
2,3381643347,2024-09-13,12:01:09,3002,3.8392
1,3400055778,2018-06-27,07:36:53,6675,16.4971
1,3932997968,2024-10-23,11:47:33,5732,27.3874
1,3667831745,2021-12-06,17:28:50,5292,19.4714
2,3667831745,2021-03-26,10:09:03,5272,4.2484
1,3490082547,2023-10-28,12:00:25,6831,17.0936
1,3917406493,2018-03-10,15:58:36,4121,8.2124
2,3917406493,2016-05-10,20:59:10,2236,10.9196
1,3808663266,2019-08-05,11:47:13,3290,11.0188
2,3808663266,2018-09-14,19:11:52,6121,29.9681
3,3808663266,2020-11-13,09:52:44,3847,10.5234
1,3803894484,2023-03-26,19:52:24,1360,1.2289
2,3803894484,2021-09-18,20:12:17,898,1.0049
3,3803894484,2021-08-31,17:01:15,2321,3.1843
1,3402417974,2023-01-15,13:38:00,6207,28.6059
1,3600208021,2021-04-04,13:40:59,275,0.4697
1,3890312073,2022-01-12,08:36:50,3973,3.4351
1,3915705120,2018-07-06,16:00:22,6167,11.6582
2,3915705120,2020-03-22,13:20:48,3210,12.2343
1,3937234601,2021-09-25,10:21:26,6083,17.3295
1,3893037183,2024-10-30,11:01:37,6531,15.1681
2,3893037183,2023-08-04,08:18:10,1251,4.5331
3,3893037183,2020-09-29,09:45:14,1776,7.3983
1,3495208814,2021-03-10,12:32:33,5979,19.7578
2,3495208814,2023-05-02,17:28:50,1084,2.3152
3,3495208814,2022-06-02,20:02:57,5848,23.5173
1,3660313650,2018-03-21,13:39:38,624,3.0065
2,3660313650,2020-01-22,22:06:51,132,0.1696
1,3356300979,2019-10-22,09:31:06,3735,7.5675
2,3356300979,2018-05-25,12:04:17,4732,10.6048
1,3333271950,2016-01-26,12:45:49,3784,6.7523
4,3202176591,2022-05-12,21:41:59,1160,5.4975
3,3660313650,2020-01-25,22:02:23,7046,13.4488
4,3452966851,2024-04-20,11:28:23,4208,18.2106
3,3917406493,2016-11-03,18:05:43,3394,9.7037
4,3891596966,2023-03-02,08:39:41,477,1.8497
2,3913158514,2024-08-01,07:09:54,872,1.6796
3,3609401399,2018-06-06,19:54:04,1837,4.3151
3,3388728080,2019-08-03,09:22:29,3847,13.2751
3,3358184518,2022-06-24,21:06:05,1486,5.7028
3,3895003691,2020-11-15,20:12:25,2702,2.5562
2,3923132370,2022-06-09,22:13:44,6082,16.6056
4,3918207151,2023-03-17,08:34:09,3859,5.006
4,3471746120,2017-03-19,08:38:49,3125,2.9283
4,3663355543,2023-12-18,20:30:13,453,0.7172
2,3898480184,2024-07-24,15:16:40,1452,1.494
2,3285331586,2023-07-01,19:05:19,7167,26.897
3,3938117298,2017-05-14,13:42:57,2135,3.1264
2,3289169985,2018-06-12,20:21:48,2442,3.3691
4,3939226801,2023-03-01,22:30:34,5652,22.9662
2,3937234601,2021-09-12,20:22:58,5686,17.8429
4,3334766072,2021-01-15,13:04:46,5481,17.3937
3,3491318699,2023-10-03,17:00:09,3767,17.7547
4,3384593752,2024-04-25,17:07:50,5530,13.425
3,3893622660,2021-11-28,21:53:54,1039,3.5485
2,3205992937,2024-04-28,10:02:13,6118,30.0341
3,3382587139,2024-05-22,12:38:24,1780,3.8716
4,3917406493,2016-02-26,07:23:52,2990,2.2031
2,3483937690,2019-08-26,10:44:31,5325,26.603
4,3604990453,2017-12-31,18:22:53,4453,11.186
3,3356300979,2021-01-10,17:07:59,1450,3.8496
2,3356558523,2022-10-01,12:34:27,3135,5.9621
3,3604115262,2019-09-15,20:40:18,5761,19.328
4,3202672885,2021-01-06,09:51:53,860,0.9074
2,3459537672,2021-06-05,20:06:31,6153,24.1453
3,3939061203,2020-11-27,10:40:28,4133,13.165
4,3458346578,2023-10-23,16:54:26,1745,2.8487
4,3898544587,2023-04-27,19:07:12,7025,18.978
3,3892628498,2022-05-23,21:26:58,6730,23.2929
3,3604722698,2022-07-05,19:00:23,6417,10.505
3,3489251925,2019-12-25,15:19:53,6523,30.0523
4,3668693806,2022-03-20,07:57:58,3406,2.7529
4,3498932528,2021-10-23,18:53:52,4261,17.9821
2,3663494937,2020-11-29,17:10:36,3532,6.056
4,3356300979,2018-12-07,13:39:41,3232,13.7588
2,3409405720,2019-12-19,20:08:40,3208,15.7252
3,3357127484,2021-12-02,17:33:10,3593,5.9915
4,3493283096,2024-08-27,11:32:07,5182,16.4099
4,3493757584,2022-12-15,15:53:35,1312,6.2683
4,3284709521,2018-10-31,09:01:27,104,0.3528
2,3481913800,2015-12-31,07:39:45,4463,20.7793
2,3606981693,2021-01-24,19:01:47,6024,7.4238
5,3898544587,2023-10-14,18:11:15,5355,24.406
4,3403924075,2022-04-22,14:46:49,6621,26.9665
2,3498837550,2018-12-18,08:17:05,1187,4.0187
2,3479652239,2021-10-25,10:07:29,4891,5.8609
4,3209477752,2017-02-28,15:57:11,770,0.7715
2,3479427881,2021-06-24,13:25:06,4032,16.586
5,3604990453,2016-02-10,22:40:04,1732,6.3134
3,3280025787,2021-08-30,17:40:58,3703,15.4429
4,3603396360,2020-03-30,07:57:11,5413,16.9153
3,3282410386,2022-12-13,10:21:22,3974,19.7825
3,3663494937,2022-03-13,07:10:33,6085,10.7674
4,3661850671,2020-12-10,07:34:01,4253,12.2666
4,3891349361,2022-04-27,18:07:57,1787,1.4198
3,3929413435,2018-03-31,09:46:44,1046,1.9102
3,3335999650,2023-03-26,09:22:45,4527,15.8068
3,3490862118,2020-11-06,22:27:32,3286,15.3243
4,3201836675,2017-09-26,13:43:54,5886,11.0933
2,3936652404,2016-06-18,16:10:50,1696,8.1402
3,3351047541,2018-12-01,21:27:38,6130,11.3032
2,3402170430,2020-09-24,10:38:24,3526,5.4023
2,3499818299,2018-10-29,09:28:10,286,1.3781
3,3609910229,2018-11-06,20:18:38,6782,30.3026
2,3490082547,2023-12-23,18:25:01,949,1.3725
3,3285415667,2021-09-29,12:22:15,605,0.9675
3,3491687849,2023-09-03,11:49:20,1011,0.7162
2,3485054447,2022-11-03,17:13:29,4658,19.157
4,3358184518,2019-03-13,09:24:18,4939,7.8337
3,3386179640,2023-01-12,15:45:38,6624,29.0989
4,3456541458,2022-09-14,20:43:48,3575,7.3063
3,3402170430,2018-05-08,13:03:51,4056,11.4683
3,3334770054,2018-03-23,10:07:28,1411,4.618
3,3337785079,2019-01-08,14:36:01,2345,1.7446
4,3604722698,2023-02-26,07:58:29,2339,2.8877
4,3893037183,2022-07-24,08:57:34,4331,3.6215
2,3381851569,2016-03-23,09:30:06,6808,28.2139
3,3915250074,2019-01-14,15:20:48,2842,6.825
3,3915001701,2021-02-12,17:31:39,395,0.9366
3,3890534578,2021-12-31,22:54:41,1004,4.3373
2,3402023413,2020-05-03,10:01:14,401,1.7017
3,3932400842,2022-09-29,17:55:44,5943,15.1821
3,3209324808,2020-01-27,13:46:57,6664,15.0949
3,3481633565,2023-10-22,07:59:44,7120,6.3662
2,3499562137,2022-12-19,10:03:19,624,1.1291
3,3485054447,2024-07-11,19:17:44,1405,6.5675
2,3452856914,2024-02-16,10:08:20,7070,9.2476
3,3470316179,2024-02-23,21:42:07,4284,12.6502
3,3602696582,2022-12-18,22:17:20,6339,24.3021
4,3382842102,2015-09-07,15:49:18,5837,5.9855
4,3206324241,2024-09-07,14:42:41,6033,26.3968
3,3926289023,2017-09-09,09:31:03,1750,1.2662
3,3351382675,2023-11-01,19:12:31,866,1.8549
4,3284358112,2024-05-06,17:48:19,5814,15.3146
5,3891349361,2023-12-09,10:58:08,1802,8.3595
3,3456897028,2019-11-12,13:49:25,1549,1.4934
3,3890728679,2016-07-27,16:55:36,5321,5.9007
4,3388728080,2020-09-30,10:47:07,1980,1.4623
2,3477854777,2017-12-09,15:01:30,5432,16.1177
3,3499818299,2018-03-21,10:59:35,698,1.5374
2,3489651370,2022-10-17,19:32:27,4170,8.8107
4,3923644089,2018-06-30,18:06:03,5323,12.3721
2,3357545588,2020-04-05,13:18:12,3308,4.7375
2,3926798079,2023-10-18,22:33:27,904,3.271
3,3381851569,2017-07-12,10:14:07,445,2.0226
3,3477613791,2022-06-02,14:04:34,837,1.5571
4,3486368872,2022-08-19,19:25:25,839,1.3588
5,3334766072,2024-11-11,15:31:13,1411,5.7449
3,3809125177,2024-05-31,16:45:38,2369,9.1131
4,3927083172,2021-04-02,22:47:19,6994,32.1413
3,3485271111,2020-10-18,17:43:04,1375,2.0329
5,3358184518,2020-06-11,11:00:42,3897,9.8243
2,3330122691,2020-04-24,15:56:04,1408,5.0827
4,3924498926,2022-05-11,18:30:37,18,0.0501
4,3939980940,2019-09-03,10:02:52,152,0.475
4,3381418880,2024-10-07,14:33:32,1380,5.4349
2,3664885102,2021-01-18,10:19:51,6040,12.8125
4,3606046618,2021-11-04,18:34:16,5444,15.106
4,3803259532,2023-02-28,07:52:22,2476,9.2702
4,3203843098,2023-09-09,22:07:17,5627,16.414
3,3205992937,2021-03-13,11:26:54,1814,6.3924
5,3209477752,2017-07-31,22:01:15,4741,18.3843
5,3356300979,2019-02-26,18:13:47,741,1.1164
4,3808663266,2019-08-05,10:17:56,5145,18.5639
6,3358184518,2020-05-30,12:16:58,5572,12.1376
3,3922029702,2017-12-12,20:17:19,1571,1.3271
4,3893622660,2023-10-25,10:27:50,3737,11.6677
4,3404420438,2019-10-22,18:18:07,78,0.2206
3,3804679970,2017-10-04,21:43:09,4295,20.8547
2,3381510702,2024-07-26,12:19:31,2371,2.2446
4,3477947383,2018-07-23,21:02:13,2328,9.8793
4,3892628498,2020-09-20,22:19:00,3535,7.7526
3,3895949299,2019-02-03,08:16:08,2878,12.8775
3,3933339452,2024-05-17,11:05:45,2227,2.8612
2,3385753260,2018-08-31,20:37:58,671,1.2929
5,3458346578,2022-09-20,18:15:51,5568,19.0826
4,3890728679,2017-11-20,10:57:16,2484,8.0825
4,3357127484,2022-10-27,20:43:56,2651,11.0078
4,3932400842,2023-04-10,15:08:26,4550,6.9673
3,3912779010,2018-05-09,16:36:59,5157,13.7434
2,3706270289,2020-10-30,20:06:08,4323,11.1601
2,3661888880,2022-03-16,18:29:22,3513,9.4443
2,3890312073,2021-02-19,21:01:58,4588,3.584
4,3471779717,2022-05-18,09:48:08,5049,23.2069
4,3933339452,2023-08-25,18:08:39,4460,20.3656
2,3209818063,2023-07-16,08:48:54,3226,3.9112
2,3487743490,2016-09-24,21:51:48,7177,20.8949
4,3607775478,2016-07-11,09:03:17,6808,33.6321
3,3486706562,2022-02-10,10:52:18,4642,12.7796
4,3922029702,2020-08-08,08:07:47,4799,17.2242
2,3701847230,2022-05-26,08:44:13,4239,5.4739
4,3358499261,2023-07-08,11:14:57,5545,19.0668
2,3482102499,2019-12-05,16:46:59,62,0.2578
3,3381510702,2022-07-25,10:04:00,1263,4.1465
4,3471491905,2023-11-22,10:15:13,858,2.3334
3,3915523149,2018-08-14,21:25:03,1007,1.9801
4,3897358662,2023-02-21,14:53:54,4488,8.0538
2,3333291212,2023-11-12,21:54:42,5065,6.0806
4,3491318699,2022-01-22,12:09:52,6109,21.4773
4,3209324808,2022-06-12,13:30:30,2385,4.5815
2,3608122362,2024-07-28,22:23:42,2264,5.3472
2,3475797279,2021-10-14,21:26:52,3490,4.5674
4,3489251925,2021-01-16,10:36:24,100,0.3182
2,3335098393,2018-09-13,21:02:58,2915,14.1051
4,3490862118,2021-08-14,21:17:00,1306,2.8953
2,3919082723,2020-09-10,13:22:57,5795,17.0484
2,3899825071,2018-09-01,12:41:09,2892,10.1482
2,3205162713,2021-03-14,21:45:54,6454,8.2192
5,3604722698,2022-08-18,16:59:25,568,2.6336
4,3381851569,2018-11-05,19:30:38,5408,7.8324
4,3494171545,2020-12-13,15:08:44,2664,8.5737
3,3701889241,2020-06-05,19:04:02,251,1.0941
4,3609401399,2016-07-13,10:42:06,4101,19.3363
3,3914014890,2018-10-29,14:49:51,6011,24.731
3,3707054668,2022-02-06,19:48:26,537,0.5021
5,3201836675,2017-05-29,08:54:47,607,1.566
3,3356558523,2021-12-03,12:20:06,5733,14.9892
4,3938568557,2021-08-12,13:12:16,4033,10.3348
2,3334865281,2022-11-17,13:47:10,3565,14.9491
2,3201573993,2019-11-17,13:05:37,208,0.7057
4,3914186256,2019-09-08,13:02:51,1161,5.2681
3,3385556258,2023-08-03,09:21:11,5599,21.4436
2,3919080759,2022-08-15,22:12:53,1709,5.3633
5,3202176591,2023-09-25,18:22:39,4586,20.0171
3,3409405720,2017-02-06,21:27:40,3091,13.767
2,3451121965,2020-04-03,11:50:33,2453,2.708
5,3384593752,2020-10-05,08:38:34,2720,2.079
2,3339015814,2023-07-04,15:24:45,2941,2.8267
4,3938117298,2015-11-25,16:04:34,4723,8.0892
3,3601238282,2022-02-20,16:25:39,474,1.4374
5,3203843098,2021-05-29,22:59:58,2164,7.5682
6,3458346578,2021-12-17,20:16:12,2750,12.4157
2,3407849808,2019-02-21,13:35:52,6021,12.6138
2,3892965902,2024-02-20,08:15:31,607,2.5238
3,3205162713,2022-09-20,08:22:04,3419,11.1413
3,3333291212,2020-06-30,22:08:17,5935,5.0302
3,3283105183,2020-11-28,14:41:22,3544,9.6972
3,3381699586,2024-06-17,14:01:59,463,0.3615
4,3381699586,2024-03-30,13:34:38,7057,16.3065
4,3804679970,2021-01-26,07:35:30,437,1.0244
3,3602694958,2024-08-13,11:27:44,3506,10.6864
3,3359374529,2024-04-07,10:57:39,3022,6.6215
3,3923132370,2021-07-01,08:15:14,763,2.4548
2,3479502402,2022-01-14,08:51:00,7163,27.1185
5,3284358112,2021-05-09,09:03:08,3602,5.2202
2,3471781080,2017-10-23,18:38:41,2010,10.0334
2,3488083136,2023-11-18,19:30:42,1012,3.554
4,3201429401,2023-02-04,13:31:45,6032,25.2832
3,3483937690,2022-09-29,14:28:45,2489,11.8133
3,3208086978,2020-01-30,16:55:41,2010,5.9288
2,3708164535,2018-09-04,10:03:22,3375,12.568
4,3339941013,2023-08-10,15:05:13,1133,4.8865
5,3893622660,2023-03-08,16:47:35,1736,2.0807
3,3407129666,2024-05-22,11:02:15,5730,14.7521
4,3603540838,2023-06-28,10:01:31,6861,5.5776
5,3918207151,2023-12-16,19:19:52,702,0.6497
4,3338463865,2022-04-16,19:31:01,7077,16.4508
3,3408733427,2015-11-24,14:13:24,1520,5.36
2,3382579050,2020-09-23,16:02:34,6260,13.6081
5,3498932528,2024-05-12,17:59:53,2160,9.0239
4,3337785079,2018-02-01,07:21:46,6803,22.8578
3,3912369292,2024-05-21,08:51:06,4542,10.6668
4,3382356972,2022-05-08,16:54:34,3807,9.53
3,3337381684,2022-10-27,15:10:24,3838,14.9596
5,3202672885,2021-10-17,11:58:00,2309,9.5398
3,3490082547,2022-07-16,09:15:49,4456,8.6828
2,3383413899,2024-01-11,08:39:17,2973,5.4443
6,3201836675,2021-02-25,07:07:19,4666,16.4711
4,3802053364,2020-07-07,12:28:29,151,0.3885
4,3917008860,2015-05-25,18:30:40,6926,21.3226
5,3452966851,2019-10-28,09:17:57,5009,15.3089
5,3808663266,2017-11-01,21:11:16,6284,25.6127
2,3493244510,2023-05-10,11:14:40,1439,1.8754
2,3284420678,2024-11-06,08:14:07,5372,4.4776
5,3804679970,2019-10-10,21:37:20,353,1.0819
3,3479502402,2020-01-24,15:16:01,5567,24.0942
2,3915037314,2021-02-15,08:38:15,2874,3.2755
2,3919688680,2021-07-09,10:32:04,1951,3.0257
3,3383413899,2023-11-24,20:04:41,3503,15.6305
4,3911167190,2016-11-03,17:38:50,2961,6.2722
4,3451527420,2022-06-09,18:30:18,5104,4.0918
3,3284797480,2016-06-16,16:59:09,4853,3.7723
3,3339182619,2022-07-22,17:32:45,6406,24.8693
6,3604722698,2021-08-12,18:13:24,6815,21.751
2,3936179327,2019-11-25,11:24:48,5328,5.3631
5,3201429401,2022-12-13,20:34:46,1003,4.3526
4,3601341252,2021-01-07,22:42:33,4272,11.0121
3,3358835523,2017-04-01,16:58:15,2702,4.6474
3,3910166088,2017-01-12,14:29:20,6139,29.9607
2,3456785082,2017-02-01,21:46:56,3368,7.5269
4,3499818299,2019-11-15,09:58:23,5362,14.8242
3,3917589178,2020-01-02,20:14:36,6791,28.8577
2,3485314737,2024-05-29,14:49:58,3349,12.0155
4,3937205061,2019-01-29,15:50:18,2808,5.6909
2,3208835615,2024-04-12,20:32:09,4728,13.2772
5,3486368872,2023-06-27,13:57:11,7189,18.938
4,3920876038,2019-09-26,20:16:48,4553,17.0707
2,3924546156,2024-04-25,10:08:55,289,1.2369
4,3496270482,2024-07-25,12:04:08,4228,18.7011
4,3482843479,2021-01-09,20:22:08,3305,12.1845
4,3662809885,2024-07-06,16:07:21,6766,30.8498
5,3337785079,2020-04-14,10:46:02,614,2.3749
2,3609001094,2024-12-19,21:58:26,5177,13.541
4,3895949299,2021-07-13,16:48:30,5745,7.181
3,3706270289,2022-10-13,09:09:57,73,0.2364
4,3485650609,2024-12-10,21:24:20,3602,5.1597
5,3382356972,2021-11-05,15:49:06,1912,3.7383
3,3605188442,2023-02-13,20:18:20,3156,6.4609
2,3387875588,2020-01-14,08:52:47,5998,9.4745
4,3601238282,2020-04-09,17:06:22,2343,3.2433
3,3660542357,2018-09-09,22:28:14,1397,2.6777
4,3895003691,2020-02-08,10:59:14,5469,10.2492
3,3899868727,2021-03-17,12:01:38,335,1.6167
4,3898361340,2023-01-23,13:00:31,6829,28.8893
5,3485650609,2022-06-11,16:36:27,6007,15.5836
3,3485314737,2023-12-09,16:58:07,5877,21.9059
3,3479427881,2020-02-15,21:56:27,4050,7.3166
2,3709904137,2022-07-28,15:46:42,964,4.6882
4,3289479851,2023-02-27,14:46:04,2689,3.6189
3,3339285654,2019-05-08,21:40:47,4211,15.0713
4,3356073375,2022-05-22,17:57:59,324,0.8245
4,3608771694,2024-02-27,17:12:53,4582,16.1816
3,3209818063,2024-06-21,08:40:40,75,0.1299
3,3401020275,2022-12-23,14:43:12,2183,5.9025
3,3493114262,2023-12-07,12:46:31,2325,2.8778
3,3669321334,2021-06-25,13:00:27,561,1.5669
2,3383445655,2021-04-01,12:02:26,5645,10.1986
3,3497055169,2021-12-28,14:40:22,3976,11.7902
6,3808663266,2018-06-26,16:53:14,7178,13.8715
4,3493114262,2022-02-12,19:38:22,4461,12.2714
4,3899868727,2021-04-11,10:56:57,6194,24.6339
3,3338785191,2018-03-14,17:15:42,3490,4.0782
3,3802312038,2021-11-26,10:22:44,3271,12.171
3,3664885102,2023-03-27,22:38:26,5639,9.4983
5,3381418880,2023-03-06,13:56:54,6422,15.6634
2,3203712938,2024-10-16,17:16:43,2611,6.3934
3,3201573993,2017-12-05,20:25:16,457,0.836
4,3200835058,2018-05-14,17:40:52,383,0.7674
6,3452966851,2020-09-26,12:34:13,6396,21.5944
3,3667831745,2023-01-24,17:08:38,4431,3.3365
6,3382356972,2018-09-01,19:05:49,5783,12.2074
5,3499818299,2021-01-11,09:41:03,4258,6.722
3,3203404384,2017-12-31,12:53:34,3250,14.2744
4,3917589178,2019-02-11,12:58:23,2725,6.6982
3,3803745458,2022-11-17,07:02:54,174,0.6854
3,3355579249,2022-03-12,19:50:31,356,0.4794
2,3477506068,2019-05-01,14:40:49,5646,9.8147
2,3605271774,2022-04-15,10:52:50,3105,10.8867
3,3917014363,2023-01-09,15:55:05,636,0.6276
7,3382356972,2022-06-29,20:01:00,6093,25.9831
2,3205064138,2018-07-10,10:47:37,6503,15.3571
4,3288781414,2019-07-02,16:50:20,3492,10.081
3,3898480184,2023-11-19,15:29:12,826,1.4966
2,3350067626,2023-10-06,22:24:18,3528,3.7747
5,3893037183,2022-08-01,15:30:18,5767,17.1696
3,3913158514,2023-08-02,07:31:46,3234,15.4897
4,3939002877,2019-12-03,10:28:14,4743,23.2051
4,3359933083,2023-06-17,21:23:30,4623,5.2646
3,3496095396,2018-12-19,11:51:40,695,0.7506
3,3890348247,2023-06-01,22:37:15,697,0.8915
3,3499035213,2023-09-10,22:33:46,6888,21.505
3,3891159212,2018-06-01,22:16:26,2561,9.9253
5,3895949299,2019-12-07,08:20:44,4641,15.1351
5,3938117298,2015-01-17,15:44:13,6195,19.2279
3,3898886101,2022-01-11,22:20:41,1941,4.001
5,3494171545,2020-10-25,09:58:06,3497,12.9276
4,3280025787,2017-05-21,07:10:33,6138,7.3231
2,3804743671,2020-02-12,10:02:56,3484,9.7986
2,3707066253,2021-08-08,22:08:47,7171,21.781
2,3805712082,2019-08-13,16:07:27,2420,9.1631
3,3661269448,2023-07-18,15:33:20,5048,22.8238
4,3205162713,2022-12-11,12:09:18,4296,15.6164
5,3289479851,2024-08-28,18:33:38,2068,5.6094
3,3935160481,2021-12-14,11:10:33,5867,24.9979
2,3283413164,2021-11-13,20:11:09,3864,3.6987
4,3899402654,2018-06-29,13:12:44,778,2.3315
5,3922029702,2016-04-14,08:39:29,4879,6.5604
3,3405358414,2020-10-09,14:22:40,125,0.5859
4,3334770054,2017-06-16,20:37:46,2514,5.6771
5,3471779717,2022-04-11,15:35:34,5265,18.5535
6,3201429401,2022-07-19,10:46:13,2303,3.315
5,3205162713,2019-11-15,11:51:33,4821,16.6851
2,3470913075,2021-07-20,15:51:47,7147,23.8389
4,3453339521,2019-01-01,13:10:00,6427,10.7412
4,3351382675,2022-10-11,11:09:10,3905,17.4033
4,3285415667,2019-10-10,08:08:32,6622,17.0317
5,3937205061,2020-12-13,17:19:32,6235,7.3258
4,3335206436,2023-06-15,19:49:24,5795,15.7783
4,3496095396,2021-10-21,17:33:05,4969,21.447
4,3803894484,2020-07-25,15:45:09,6890,17.648
2,3910568566,2019-06-04,15:43:07,4580,20.9106
2,3609391725,2017-10-29,12:01:55,3005,13.1417
3,3498837550,2021-04-05,18:46:27,1761,5.8821
2,3487314986,2018-12-18,19:23:11,6134,30.5488
2,3480748217,2021-05-10,18:33:12,55,0.1764
2,3667059640,2016-05-15,18:58:16,4128,19.2369
4,3282410386,2023-08-17,08:41:17,5266,14.4351
3,3471781080,2019-12-13,15:17:40,478,2.3302
6,3334766072,2021-02-26,22:38:40,3733,10.4199
6,3202176591,2024-07-22,10:02:23,246,0.8174
2,3478758428,2017-11-21,12:55:54,1088,1.1158
6,3895949299,2023-10-31,10:03:28,5232,19.5985
3,3661888880,2019-12-05,15:54:12,5376,17.8878
3,3459537672,2019-11-02,17:57:45,1396,6.4097
4,3401020275,2024-11-30,18:33:00,5453,13.1622
5,3802053364,2022-10-11,08:04:12,6768,26.8392
3,3707749649,2023-06-18,09:11:28,374,0.6959
3,3804743671,2021-07-10,20:11:40,6128,26.4477
3,3351780068,2015-12-14,16:17:35,2882,3.3914
5,3917008860,2018-05-17,09:36:59,3802,3.9872
5,3482843479,2019-05-11,12:46:05,1530,3.125
3,3707066253,2017-03-19,12:50:00,1791,6.1451
3,3477854777,2017-05-06,14:19:53,5587,19.2754
4,3896973577,2022-08-27,11:19:03,3117,11.6128
3,3387875588,2020-10-18,11:36:20,3401,5.5975
3,3930913431,2021-05-25,13:11:18,2134,7.8732
4,3602975161,2018-04-01,22:22:37,2988,6.509
2,3910103930,2023-11-03,21:53:40,5638,24.079
4,3283105183,2022-10-21,19:09:34,4668,7.3733
3,3473468007,2018-12-01,18:41:51,5597,23.0438
4,3914517123,2023-07-19,15:05:32,6345,10.0238
4,3386179640,2024-01-20,15:02:59,954,2.7734
3,3930657875,2022-05-22,22:08:29,4817,9.9533
6,3205162713,2021-06-01,08:20:44,866,2.9395
2,3928629127,2021-12-10,12:26:30,2751,5.8475
4,3481633565,2021-05-10,12:58:22,2519,3.4558
4,3494948126,2016-09-16,07:28:51,5061,13.3843
4,3477613791,2024-10-26,20:46:25,3889,16.6491
4,3609910229,2019-08-13,18:38:21,3963,14.2948
3,3921412478,2016-11-17,14:48:59,4163,4.721
4,3338017046,2021-05-12,15:36:25,4868,3.8477
3,3899825071,2019-04-01,16:56:38,5724,27.2024
4,3804743671,2020-11-05,11:08:42,2739,11.1855
3,3289169985,2018-06-08,16:50:49,1168,4.8353
3,3939964235,2019-10-20,12:29:00,5405,7.0578
3,3499562137,2023-04-30,16:19:05,1522,2.5724
5,3284709521,2020-10-04,09:46:15,1272,4.6221
4,3479427881,2023-10-20,18:00:30,1315,2.8409
3,3474101666,2024-04-13,19:44:13,3879,13.8218
5,3288781414,2018-09-14,14:48:58,794,1.8628
2,3602058527,2024-12-09,11:25:49,2689,12.2567
4,3806766506,2024-06-10,20:38:25,4385,4.2849
4,3898886101,2022-09-22,07:14:56,4995,7.1863
2,3924789611,2023-05-18,18:21:32,6753,4.5486
4,3286174451,2023-06-09,09:41:14,1141,3.2326
4,3471781080,2017-03-26,16:27:05,2791,6.5057
5,3603396360,2020-12-15,11:18:19,3178,11.4181
4,3335999650,2022-04-23,15:26:11,1349,3.2272
3,3911775140,2023-04-09,21:51:05,2846,10.3584
3,3608122362,2024-10-05,19:51:51,110,0.15
2,3207527354,2022-01-15,19:43:29,104,0.2884
2,3600208021,2021-12-03,19:27:49,456,0.9026
3,3493244510,2024-09-27,10:38:51,6583,30.2966
4,3932807374,2023-10-25,22:45:21,6925,20.6719
5,3803259532,2021-03-19,12:27:34,6232,14.5105
4,3937937416,2015-11-03,11:00:21,5806,18.7185
5,3804743671,2020-07-19,21:27:03,3817,7.2043
5,3661850671,2024-09-23,22:29:23,420,1.8983
3,3389960653,2017-08-16,15:27:21,5539,10.8008
5,3806766506,2022-08-14,15:11:18,2933,7.256
2,3938263435,2023-03-01,16:40:02,4890,5.6266
2,3330447898,2018-12-29,19:15:11,698,2.0835
4,3485314737,2022-03-16,22:27:57,2260,4.8891
4,3939964235,2021-06-12,14:58:52,6849,32.2347
3,3339015814,2024-02-29,21:02:04,2685,6.1275
4,3707749649,2022-07-14,19:32:46,655,1.3954
3,3479652239,2022-10-08,16:27:25,193,0.2825
4,3359721811,2019-04-25,09:53:58,3560,17.2625
4,3891983863,2021-10-21,15:19:39,4221,12.6757
5,3891983863,2022-02-05,08:23:36,3884,6.2114
3,3606996112,2021-04-21,15:47:44,6385,9.395
3,3919356465,2020-01-17,08:38:25,1494,5.3867
3,3605271774,2018-02-10,20:13:01,6416,15.7967
3,3488083136,2022-01-08,15:29:38,6483,31.7379
3,3602058527,2023-01-27,14:14:01,5818,12.0625
4,3454874016,2021-07-14,16:46:45,5001,21.2554
4,3662410564,2023-03-27,17:34:24,3906,18.343
2,3665341928,2019-09-02,17:20:22,6748,17.493
5,3388728080,2020-08-16,22:13:34,5725,8.0344
2,3489733484,2018-12-16,19:02:42,6991,21.9682
3,3606981693,2021-05-26,22:35:22,690,1.0806
4,3389662782,2023-04-18,16:18:48,2593,6.8019
5,3490862118,2016-11-01,11:39:37,1375,4.6362
3,3351554262,2024-08-12,20:48:01,6165,30.1132
4,3915001701,2020-12-11,22:15:24,4413,5.4604
5,3282410386,2023-03-17,10:25:13,1741,8.6456
4,3383413899,2023-06-09,12:55:10,6292,25.3941
3,3383098215,2024-02-06,20:22:48,1793,4.4445
5,3286174451,2022-10-08,17:49:23,5173,5.8167
4,3499562137,2024-10-08,17:32:34,4372,10.3445
4,3382259136,2020-12-20,22:48:29,2355,10.0007
3,3459837354,2016-01-20,12:25:18,37,0.1101
4,3339285654,2022-01-29,21:41:11,5608,25.7868
3,3470913075,2022-12-14,20:26:26,1557,5.3319
3,3284420678,2022-06-06,11:39:39,4133,20.6455
6,3286174451,2024-05-27,20:01:20,5005,8.7575
3,3451121965,2023-04-29,22:43:05,3043,2.3283
4,3663494937,2024-02-01,19:35:32,7083,10.6467
3,3487284639,2017-05-06,21:23:46,7175,12.224
4,3474101666,2022-04-27,17:08:18,540,2.453
4,3802328588,2021-04-18,21:29:15,5610,18.405
5,3662809885,2024-09-30,12:29:32,5264,6.0449
3,3205064138,2022-05-15,17:55:58,1314,2.2703
8,3382356972,2018-12-10,07:47:02,5597,20.148
4,3912369292,2024-11-26,22:55:24,586,2.3791
2,3402417974,2023-08-03,10:45:49,4982,17.2911
4,3708876767,2024-06-27,07:28:30,6790,25.8889
2,3389622292,2024-06-17,19:53:52,5950,23.7879
6,3803259532,2022-10-30,21:27:50,1026,1.1447
3,3203928272,2018-06-25,10:46:10,3012,7.3971
4,3497312172,2020-10-15,14:50:30,1731,3.1381
3,3667059640,2019-06-11,09:29:57,5818,16.272
4,3913158514,2022-11-24,17:18:44,3652,7.6675
4,3459837354,2019-02-04,15:36:17,4879,4.0084
5,3932400842,2022-12-26,16:01:14,3048,9.4752
3,3478758428,2018-08-31,16:45:10,4660,15.9071
4,3914014890,2021-01-04,21:43:18,1275,4.9591
4,3926289023,2017-12-22,11:38:18,7048,16.4335
4,3479652239,2019-11-05,07:54:13,4787,9.4758
4,3470316179,2021-11-23,15:23:46,4176,16.2738
4,3911775140,2024-02-10,22:39:57,1405,6.857
3,3609325250,2016-02-14,17:33:23,3106,13.7185
5,3493114262,2023-01-02,12:55:33,3958,5.6468
4,3483937690,2020-01-22,07:42:04,2814,4.6175
5,3802328588,2019-04-26,11:17:38,6383,24.4126
5,3471491905,2024-08-15,13:22:31,3772,11.8218
5,3479652239,2018-08-20,14:47:12,2988,10.5926
3,3805712082,2023-01-28,10:21:32,560,1.0321
3,3890312073,2021-11-01,09:51:03,3668,11.4529
5,3939980940,2018-05-25,15:51:47,1506,5.505
3,3609391725,2020-09-06,14:14:44,5886,15.5564
2,3805667010,2022-12-07,15:35:17,758,2.9462
3,3385753260,2022-03-22,09:57:57,1095,3.2095
3,3384118244,2022-12-13,14:15:37,6249,19.9062
4,3802312038,2020-08-31,08:20:50,5202,5.1148
3,3459261429,2018-05-08,21:05:30,1627,1.7888
5,3662410564,2022-01-30,22:19:36,88,0.2805
3,3917392603,2016-02-10,21:49:41,1605,5.1661
4,3669321334,2024-06-06,21:00:16,6191,15.0507
2,3409212779,2024-04-05,12:21:32,3969,11.4897
5,3917406493,2018-09-13,16:16:55,4369,7.6272
5,3334770054,2019-08-31,16:40:28,923,4.5239
2,3932997968,2023-03-14,22:00:20,4184,11.3199
4,3915655125,2020-08-15,09:48:27,5523,10.973
6,3202672885,2022-12-11,17:40:43,4422,18.7099
3,3709379237,2022-10-06,14:13:19,4120,8.1988
6,3471779717,2022-12-28,22:06:43,2468,11.5652
4,3935160481,2023-04-21,11:20:10,1582,6.3086
5,3933339452,2023-06-13,12:39:42,1297,2.6951
5,3911775140,2024-04-20,20:49:46,2216,3.6737
5,3891596966,2020-11-22,16:23:09,2518,5.32
3,3609001094,2024-08-18,17:28:19,3494,10.8579
5,3939002877,2019-03-13,07:48:25,463,2.2522
4,3609001094,2024-02-12,11:29:49,2256,1.6944
3,3203494466,2020-01-18,13:42:45,2106,4.0943
4,3356558523,2021-11-21,17:27:50,3142,6.529
5,3335206436,2024-06-03,13:51:13,5069,14.4268
3,3919082723,2017-05-27,10:04:15,1324,2.7501
2,3935621850,2020-02-22,22:02:49,5411,12.7534
3,3600208021,2022-02-15,22:15:17,4980,15.9683
3,3407849808,2018-12-05,08:40:21,2271,6.8074
3,3493959953,2019-12-25,10:30:08,6152,6.0738
4,3664885102,2024-08-18,20:52:09,7169,9.4522
4,3921412478,2019-11-15,13:35:05,3600,6.2255
4,3204389836,2021-05-19,15:35:33,6705,12.9372
4,3898480184,2022-12-23,09:55:50,5738,21.5141
4,3661888880,2024-03-01,18:57:49,3662,14.2996
5,3471746120,2016-06-14,17:29:14,3784,8.4618
6,3804743671,2021-06-17,15:16:38,6134,28.8806
6,3932400842,2022-10-28,20:27:25,6613,18.3459
4,3894687234,2022-02-08,08:58:32,3069,2.2615
2,3283067383,2015-10-25,17:50:34,4040,7.6415
3,3665690927,2022-09-20,09:47:04,4640,4.946
5,3206324241,2024-07-13,10:34:10,6552,18.9473
4,3458567700,2022-07-09,21:39:41,1573,6.1739
7,3471779717,2023-11-07,20:52:17,3825,10.0301
4,3661269448,2023-11-23,11:41:21,608,0.884
5,3477613791,2022-10-30,21:33:49,5683,21.9988
4,3667831745,2022-01-18,07:25:36,2416,1.6772
4,3808222394,2019-05-14,07:00:14,2650,6.6718
4,3493244510,2021-10-30,17:34:29,5364,19.0426
4,3498837550,2022-02-09,18:57:56,5866,25.9554
6,3891349361,2022-03-02,11:13:19,1497,1.6525
5,3708876767,2023-11-09,08:49:08,4434,9.6525
3,3285331586,2023-10-19,17:59:14,5401,8.4877
2,3335305152,2017-06-17,20:17:14,1789,7.1801
6,3498932528,2021-09-20,21:07:53,3082,2.3942
4,3607991366,2020-08-27,13:24:03,3670,9.421
7,3804743671,2018-10-25,19:37:52,1031,1.1022
2,3477826398,2019-05-17,10:10:48,1727,2.0521
5,3898886101,2023-02-14,18:47:20,3410,5.0954
2,3452003791,2024-08-04,18:30:16,4177,4.8118
4,3915355609,2017-07-29,07:24:51,3450,8.2846
5,3382259136,2019-04-07,18:23:19,6862,6.5166
3,3932997968,2023-11-11,14:44:05,5338,18.4456
3,3489733484,2022-06-08,22:01:17,5987,20.7862
5,3285415667,2019-08-04,11:54:15,1462,4.5515
3,3207527354,2021-09-23,11:08:44,3858,15.3159
4,3384118244,2022-12-17,16:23:39,3408,14.4298
4,3338785191,2016-08-29,12:59:33,1250,4.8523
4,3201573993,2019-03-14,12:23:56,906,3.692
2,3911822782,2020-10-05,13:19:25,5132,11.7205
3,3334283411,2016-09-12,17:01:50,221,0.4649
2,3706984902,2024-10-26,08:47:55,1192,5.5136
3,3917360260,2022-05-28,19:48:38,5928,17.4435
2,3894648877,2016-06-19,07:22:57,1834,1.9548
2,3384278680,2016-11-20,22:29:26,7023,32.0152
5,3923644089,2017-09-20,07:19:30,3856,17.6015
4,3354978403,2020-02-25,17:42:34,3004,14.459
5,3914186256,2023-03-01,10:30:31,6143,26.2187
5,3383413899,2022-11-30,11:14:32,1073,4.4604
5,3911167190,2017-12-19,09:47:06,5885,14.2219
4,3387961143,2022-08-10,10:15:14,2063,3.0258
4,3604115262,2017-07-13,17:45:29,5485,17.6986
6,3911775140,2024-08-04,15:48:57,1088,2.2715
5,3356558523,2022-07-28,08:47:57,6561,15.3208
5,3894687234,2021-11-23,13:11:00,1181,4.0352
7,3895949299,2023-07-18,14:10:25,2652,1.9026
5,3335999650,2024-10-28,18:12:40,7133,30.0082
4,3602696582,2022-07-23,21:13:29,5099,9.2062
6,3923644089,2017-08-17,15:41:49,4224,19.7268
2,3407868144,2023-06-02,15:21:51,7153,19.8749
4,3806711684,2024-01-27,10:42:54,2814,11.1833
6,3891596966,2018-08-08,18:27:41,218,1.0567
5,3485314737,2021-12-03,14:29:53,920,1.0928
3,3380744666,2017-01-20,11:55:22,2525,6.6351
4,3803745458,2021-12-12,12:25:52,4195,6.3392
4,3334283411,2019-01-10,14:49:01,1637,6.2939
5,3609001094,2023-10-12,11:36:55,4356,12.8148
4,3332281606,2021-02-13,18:34:14,5692,27.1568
5,3389662782,2022-02-27,18:10:06,5583,7.7292
4,3482059304,2020-06-22,14:53:59,6163,23.2327
5,3898361340,2023-06-19,20:54:12,2290,2.012
4,3495208814,2022-08-24,16:24:57,4284,20.9004
2,3285302146,2021-08-19,21:20:08,5920,28.0132
2,3350433218,2016-05-25,15:45:35,5483,11.059
4,3471438663,2020-10-01,09:03:48,3371,4.2968
6,3335999650,2023-01-05,14:25:50,1316,4.5617
5,3493757584,2021-07-18,13:15:53,2880,2.8002
3,3915705120,2019-07-16,11:57:25,1021,3.8926
5,3470316179,2022-09-05,13:28:09,5516,10.2618
2,3601154479,2019-11-04,10:33:19,4304,4.7831
4,3892099934,2023-12-14,22:14:42,3600,7.0616
5,3892628498,2023-06-17,21:09:04,6188,28.5403
4,3605188442,2023-09-30,08:24:53,2102,2.4291
6,3917008860,2017-07-30,12:56:45,5674,25.0632
4,3351047541,2020-09-27,16:14:33,854,0.8971
3,3330447898,2022-03-04,18:15:55,6972,24.7363
6,3802053364,2022-12-19,20:26:03,5236,5.8774
5,3498837550,2019-01-27,15:57:16,5255,15.0673
5,3338785191,2019-06-07,15:22:05,115,0.1271
4,3472818268,2023-09-30,14:37:31,1823,5.8847
6,3937205061,2019-10-18,10:49:52,5814,16.1672
6,3282410386,2024-06-12,19:38:33,7140,33.387
2,3489930972,2021-02-12,10:37:53,6511,22.4734
4,3474873471,2021-06-07,10:07:48,1964,4.3791
5,3668693806,2024-11-02,20:52:25,5894,22.9395
4,3809125177,2024-06-10,21:54:29,4706,20.7446
3,3932997376,2019-05-16,20:42:58,220,0.3526
6,3603396360,2018-09-15,17:06:18,3386,14.0233
4,3473542168,2024-03-01,15:22:52,5605,12.0931
6,3356300979,2018-02-18,15:28:50,401,0.8312
3,3475797279,2024-09-29,15:49:50,1325,2.0855
6,3498837550,2022-05-06,17:47:25,6181,13.4561
3,3453613861,2023-03-07,22:54:05,2744,6.0125
4,3918819148,2023-04-07,14:20:53,2515,2.7806
9,3382356972,2019-01-21,19:20:39,4083,14.0362
3,3892965902,2022-07-25,13:16:54,5804,16.0785
3,3407868144,2024-02-15,18:48:10,1390,2.8708
3,3804170805,2018-07-31,16:58:32,5746,19.8237
4,3455977468,2024-01-21,12:25:39,5708,5.6836
3,3456763201,2020-04-11,19:54:16,1204,4.5377
3,3382579050,2022-06-02,19:08:58,3165,3.5312
5,3803894484,2023-10-05,16:39:36,683,1.4138
5,3382842102,2017-08-25,08:15:35,1279,4.5523
6,3334770054,2016-01-04,22:14:53,5704,28.1063
5,3913158514,2022-09-15,21:41:51,1779,2.3067
5,3455977468,2022-04-14,07:54:39,3968,17.0533
4,3406841459,2020-08-06,13:26:11,6956,20.2685
4,3805712082,2023-01-30,19:47:16,5799,23.8887
7,3803259532,2022-01-24,20:23:23,1932,3.9683
2,3809078447,2018-03-07,11:20:55,6788,33.5357
6,3939980940,2021-06-26,11:06:58,6434,31.7658
6,3494171545,2020-10-10,17:06:51,6778,22.2616
4,3337381684,2021-08-03,14:29:17,4714,20.2324
4,3477854777,2020-05-11,21:31:37,3583,3.3926
5,3209324808,2019-09-14,21:35:41,481,2.1879
4,3459261429,2022-07-24,11:04:43,2913,2.7677
5,3337381684,2021-03-08,15:57:46,235,0.8834
5,3606046618,2020-02-21,11:25:13,5431,14.2608
5,3918819148,2023-01-09,16:21:14,4678,19.3036
2,3475290965,2022-02-10,11:49:34,5591,17.9459
4,3402809202,2017-12-07,08:45:48,2945,9.4601
5,3664885102,2020-12-02,09:33:26,5993,8.1818
4,3709379237,2023-07-20,12:53:11,251,0.8737
2,3804715437,2022-05-01,17:05:06,3315,10.4556
5,3667831745,2023-06-20,19:51:26,3133,11.5434
4,3929413435,2021-10-06,17:11:06,2559,5.6443
7,3494171545,2020-07-09,15:31:05,1521,2.731
3,3669440640,2022-08-15,18:41:40,678,1.4501
3,3351002255,2020-06-08,15:01:56,4975,4.6296
6,3206324241,2022-07-05,18:06:10,24,0.1162
5,3601341252,2020-10-19,07:20:24,2518,1.9804
4,3483416518,2020-03-10,18:54:04,1422,2.1094
2,3352100323,2022-04-15,12:34:13,2838,3.0845
2,3389991191,2019-01-28,18:36:11,3620,13.4939
5,3661269448,2024-01-30,12:32:09,6681,28.1647
3,3911822782,2021-06-18,08:59:34,6511,30.882
5,3663355543,2023-09-07,16:06:22,5605,8.1187
5,3601238282,2019-08-26,10:31:12,4953,6.6342
4,3333291212,2021-12-07,21:59:42,4499,19.2152
7,3604722698,2020-11-12,10:42:35,546,1.1645
2,3497016873,2018-03-17,14:52:31,1552,6.3749
4,3353338726,2019-01-25,08:58:58,3945,16.4925
5,3453339521,2020-01-17,10:54:33,755,2.6741
3,3498687403,2021-03-01,19:48:34,5279,8.1158
4,3498687403,2018-12-20,21:48:12,2409,11.463
5,3338017046,2019-04-15,20:24:05,4027,3.1006
4,3707054668,2022-12-05,22:39:24,2515,7.0998
6,3933339452,2023-10-10,08:33:53,351,0.5201
2,3401489513,2023-05-29,12:41:20,6065,5.3037
4,3910154303,2021-08-17,16:24:12,2891,14.0063
3,3921219136,2020-12-19,20:47:32,4302,18.6992
3,3475290965,2021-11-28,08:58:13,818,2.1661
4,3485961586,2019-10-18,17:04:45,1677,4.7172
6,3383413899,2021-11-25,08:59:24,1697,7.752
4,3359374529,2023-06-10,07:57:15,5413,22.6936
6,3288781414,2017-12-16,12:24:52,1880,4.2821
7,3802053364,2021-04-15,08:09:09,4914,8.518
6,3914186256,2020-08-04,20:43:36,5827,25.6945
4,3707066253,2018-11-02,13:56:41,6044,27.9607
7,3452966851,2023-05-14,07:26:52,3398,7.8185
4,3709308488,2021-05-11,22:16:38,95,0.3213
3,3894733848,2022-12-04,21:08:42,5658,9.2389
6,3479652239,2019-03-18,10:10:57,6491,18.0687
4,3706270289,2021-09-25,17:10:47,2111,10.1463
4,3912482513,2022-11-19,19:18:34,2356,4.4773
4,3451121965,2021-04-13,10:48:07,3245,13.7344
5,3499562137,2023-05-30,09:35:54,4089,6.2838
6,3601238282,2018-11-30,22:30:06,922,1.5282
4,3915523149,2017-12-16,12:05:48,5692,23.685
6,3662809885,2023-09-27,18:28:47,1179,3.0443
4,3910166088,2015-03-27,13:49:13,5948,12.1596
5,3451121965,2019-11-24,11:21:55,2064,9.6209
4,3405358414,2019-10-18,13:57:41,472,1.115
7,3891349361,2022-09-29,09:14:11,5148,7.7673
3,3936179327,2019-11-14,21:01:55,3618,3.4998
6,3913158514,2024-10-24,16:35:10,1184,3.5964
4,3602058527,2022-12-17,10:43:04,3368,9.8061
4,3459537672,2021-06-09,12:46:59,2645,6.0084
6,3911167190,2017-04-14,14:00:24,38,0.118
6,3284358112,2023-03-17,10:54:14,6253,21.1929
7,3205162713,2022-05-11,09:01:41,6760,31.1874
4,3494964759,2024-01-18,19:18:43,5056,11.8445
3,3919080759,2022-09-25,14:43:31,5028,8.7999
5,3669321334,2023-07-15,22:58:57,1264,3.3306
6,3661269448,2021-10-08,14:09:18,5229,20.0492
4,3915705120,2020-03-02,15:56:10,3025,11.7169
3,3936863375,2021-04-04,16:09:02,3777,9.2345
7,3661269448,2022-10-14,14:25:08,6892,23.3053
5,3914517123,2023-09-22,20:56:26,3783,14.5454
4,3408733427,2017-10-29,21:23:21,2680,9.5139
5,3938568557,2022-02-04,13:15:13,5847,8.7365
5,3709379237,2024-03-11,21:35:55,6268,25.6926
6,3356558523,2023-06-24,13:25:09,3862,4.393
4,3609391725,2018-05-30,16:57:53,6355,28.1981
6,3604990453,2015-12-26,13:13:21,4529,20.4847
5,3604115262,2017-12-31,20:11:28,205,0.7531
4,3456897028,2020-07-05,12:17:47,5585,17.3577
3,3482102499,2021-11-01,19:36:50,6570,10.0116
2,3387530463,2021-10-14,21:15:55,6059,7.4671
4,3801593998,2019-09-08,17:39:59,6263,20.7936
4,3383098215,2024-09-26,08:43:06,6456,6.1325
3,3330122691,2019-05-14,08:21:54,746,1.5101
5,3896973577,2023-08-01,13:47:09,1754,3.507
3,3384278680,2018-04-17,17:37:57,6795,17.6806
5,3497312172,2023-12-09,12:18:19,841,3.4846
5,3609401399,2020-03-03,11:10:26,980,2.9139
4,3284420678,2023-06-21,12:35:35,5160,13.9395
4,3897889255,2022-01-16,14:07:42,1211,5.5784
5,3899868727,2024-04-14,08:08:56,3130,8.4996
5,3459261429,2018-08-27,07:37:44,6710,15.0103
7,3923644089,2020-03-30,12:28:57,172,0.8379
4,3932997968,2024-02-08,17:05:56,3040,2.9342
3,3471351823,2020-12-05,16:43:25,1234,1.4161
4,3606996112,2023-04-16,13:40:20,2404,9.0136
6,3667831745,2024-01-13,09:22:38,6558,18.4318
5,3339941013,2024-09-28,20:10:23,6983,12.3024
4,3899825071,2019-11-20,07:31:20,1377,1.2284
4,3485271111,2023-10-09,16:16:28,3556,7.5716
4,3605271774,2022-04-15,21:42:05,2737,8.363
4,3488083136,2023-12-25,07:47:36,167,0.3304
4,3669440640,2023-12-26,19:24:02,5705,20.4139
4,3890534578,2021-07-22,17:23:51,4209,18.3753
8,3604722698,2020-09-25,20:45:21,1094,5.1993
6,3337381684,2021-02-06,13:31:18,2194,2.2547
5,3459837354,2018-12-09,09:51:42,2620,11.5273
4,3458011848,2022-03-05,07:51:08,6614,26.2506
4,3800494519,2021-02-09,12:23:04,1271,3.9972
2,3476576615,2024-02-27,09:55:04,89,0.3382
2,3488909010,2020-01-25,17:55:58,5068,4.9244
3,3452856914,2024-08-04,21:40:55,2720,11.0792
4,3486706562,2023-09-05,10:03:45,1146,1.7548
2,3400873753,2015-06-28,12:05:45,760,0.5193
5,3404420438,2019-03-18,14:13:03,5883,5.9464
5,3498687403,2021-09-18,13:30:52,1626,6.0742
3,3804715437,2022-09-15,22:18:46,5549,17.9298
4,3917392603,2015-10-30,21:11:32,61,0.0617
7,3356300979,2017-11-05,15:09:56,4450,14.063
4,3930913431,2023-10-17,10:44:48,630,0.9338
3,3915037314,2020-12-12,14:10:25,5214,22.3655
6,3455977468,2024-04-15,20:32:40,2348,3.786
7,3201836675,2021-05-22,18:47:15,4356,3.0358
3,3706984902,2023-08-05,16:48:10,539,0.5033
4,3402444721,2018-10-21,08:39:48,6708,16.974
5,3937937416,2019-09-05,21:00:47,5535,5.8062
6,3662410564,2022-11-26,09:36:16,5966,25.6865
6,3459837354,2017-03-07,22:23:31,2469,9.8138
5,3661888880,2022-06-11,13:14:37,1407,1.1983
6,3499818299,2019-01-11,21:56:29,2667,12.4503
4,3203928272,2019-04-09,21:55:57,3814,10.0159
6,3209477752,2019-09-19,19:26:01,7164,9.1045
5,3602058527,2023-11-14,11:25:23,124,0.3161
4,3600110248,2019-07-03,12:09:37,1516,2.4362
5,3459537672,2020-03-01,22:09:17,2773,4.225
4,3384065965,2022-02-20,12:19:53,7004,21.3418
4,3479502402,2020-10-15,22:38:46,4098,10.4187
7,3667831745,2024-05-26,12:31:42,499,1.0968
5,3486706562,2020-08-14,17:45:30,4989,9.5808
3,3924789611,2023-10-19,22:51:13,3420,9.5493
6,3803894484,2021-05-11,12:21:40,2554,9.2734
2,3805676618,2019-12-03,10:38:08,4348,8.21
4,3407129666,2021-11-27,11:23:36,3889,3.6565
3,3938263435,2023-04-16,20:15:13,2682,9.7872
6,3453339521,2021-03-27,17:40:58,3910,15.9378
5,3915001701,2018-09-07,17:44:12,1051,5.0978
5,3381699586,2023-03-30,14:45:37,5002,8.4721
6,3806766506,2023-04-02,22:36:30,168,0.3402
8,3661269448,2020-04-14,19:48:09,5118,10.5457
6,3601341252,2023-06-26,21:38:57,5972,10.8652
7,3459837354,2017-05-10,13:50:49,2272,8.5236
8,3803259532,2024-12-12,08:30:15,1839,6.2709
3,3601154479,2021-10-11,22:35:09,6429,11.8848
4,3402170430,2019-12-16,17:38:56,4403,6.7524
3,3356484085,2024-05-22,13:59:38,4966,5.9008
4,3385753260,2017-11-26,13:33:51,4139,7.8254
4,3800810620,2023-07-29,20:44:52,6995,4.9942
4,3386838851,2020-08-07,11:18:01,246,0.8586
6,3939002877,2019-03-22,09:23:29,6365,29.3373
5,3707749649,2024-06-20,19:35:10,4874,12.6299
6,3661888880,2019-12-26,15:29:17,1630,6.0755
6,3898544587,2021-10-28,12:37:08,2654,12.7652
6,3892628498,2020-09-19,17:35:30,3031,3.8825
7,3288781414,2020-02-22,19:35:01,5161,13.1526
6,3285415667,2021-07-22,12:20:39,6859,27.1774
4,3609325250,2016-10-31,17:36:48,4667,3.9078
3,3483888993,2020-04-24,11:31:04,566,0.7205
3,3805876036,2022-04-20,12:45:15,762,2.9999
4,3660313650,2018-11-18,17:05:26,2824,11.0711
5,3402444721,2019-02-14,08:33:26,5267,21.5358
5,3926289023,2018-02-14,09:52:13,3684,4.9952
7,3939002877,2021-09-23,15:14:15,472,1.6334
7,3206324241,2022-05-30,08:41:53,5722,9.4065
5,3353338726,2017-04-18,14:48:14,1260,6.0511
5,3929413435,2019-10-27,17:20:24,6202,21.1825
4,3894733848,2022-11-11,16:31:01,5495,20.6825
5,3406841459,2020-07-24,09:02:12,4840,3.9818
5,3917589178,2020-10-02,22:00:22,5759,5.8514
6,3486368872,2021-03-20,12:25:13,1257,3.7588
2,3807808562,2023-08-25,16:17:35,3076,8.8604
6,3609401399,2019-11-30,13:48:38,2109,4.4629
4,3601154479,2021-03-29,19:07:41,2347,6.1581
4,3938263435,2023-12-11,19:13:11,933,0.7904
6,3289479851,2023-03-28,13:12:48,4681,18.0439
5,3403924075,2024-12-31,13:56:37,6709,13.2924
5,3802312038,2020-06-02,14:36:56,6920,12.1799
4,3483888993,2020-02-18,16:00:13,6805,9.8717
4,3665690927,2020-04-26,22:46:24,5907,12.3174
6,3493757584,2021-08-08,12:58:31,3943,12.2112
3,3334865281,2024-06-23,14:04:39,888,3.9952
5,3924498926,2022-06-02,08:54:00,2256,10.5972
3,3335305152,2019-01-15,19:46:36,1316,1.4318
4,3284797480,2017-05-31,13:27:47,7189,16.4069
5,3897889255,2020-07-07,07:19:49,296,1.3498
3,3477506068,2019-12-28,15:29:59,6568,30.4084
6,3471491905,2024-07-18,07:56:59,3913,5.5689
4,3804170805,2017-12-31,14:29:55,4759,17.5035
5,3605271774,2019-08-07,07:44:36,3939,3.7062
3,3456785082,2016-08-05,13:04:25,5564,12.8093
4,3932997376,2019-12-04,20:53:29,3388,4.8282
3,3665341928,2020-12-24,08:42:04,6314,28.1876
5,3493283096,2023-03-14,22:12:51,2199,1.6986
6,3605271774,2022-12-21,13:15:44,3679,15.3716
3,3406442209,2019-08-22,20:35:44,4012,16.4432
5,3912482513,2023-09-29,08:18:23,734,2.3915
5,3915355609,2022-01-31,22:34:10,3067,10.7977
4,3491687849,2024-08-31,11:20:47,5247,11.3829
3,3477826398,2019-10-15,19:23:29,2856,11.4003
6,3707749649,2024-09-26,20:23:27,718,2.3522
4,3926589026,2022-11-26,17:59:22,5297,14.2405
3,3335521667,2021-01-27,12:56:02,2823,8.0762
5,3917392603,2018-12-28,11:38:21,4435,15.1161
3,3400873753,2015-12-05,11:52:50,1696,7.1916
5,3894733848,2023-01-14,20:56:07,4117,12.4497
6,3893622660,2022-06-21,07:16:59,4519,16.0278
4,3708071545,2020-06-12,14:43:45,6463,13.688
5,3359374529,2023-08-21,18:35:59,3245,9.5193
7,3806766506,2023-08-27,14:36:22,6152,14.978
4,3351002255,2020-07-03,14:40:41,3726,4.998
6,3926289023,2021-06-23,13:45:00,6511,31.6883
5,3332281606,2018-09-26,22:09:58,601,2.2105
4,3912779010,2019-03-25,19:19:52,1724,5.1982
6,3899868727,2024-08-13,13:01:01,264,0.5144
6,3914517123,2023-02-09,09:04:16,3717,17.796
5,3890728679,2017-08-27,19:00:44,4905,9.6511
2,3918652785,2023-03-25,13:19:27,5082,16.3742
6,3459261429,2021-04-04,08:43:31,268,0.7593
5,3405358414,2017-05-18,15:44:30,7064,29.1315
4,3335521667,2021-01-26,10:27:44,4819,16.1646
6,3405358414,2021-01-16,22:01:24,326,1.5774
2,3807014508,2021-12-14,22:16:34,764,0.784
4,3915250074,2022-01-03,10:29:24,6146,13.0827
4,3205064138,2020-04-21,08:20:19,4537,18.304
5,3338463865,2021-05-27,13:39:26,787,0.5598
4,3207527354,2022-02-23,07:59:32,3650,3.5263
7,3603396360,2021-03-02,15:44:36,3189,13.1993
4,3203404384,2020-07-20,08:16:37,973,3.5926
6,3606046618,2018-09-13,21:18:54,1343,1.1271
5,3663494937,2020-12-27,20:07:43,1278,6.2159
7,3201429401,2022-10-22,22:31:15,56,0.1313
4,3400873753,2019-07-23,12:49:24,369,0.7293
2,3451839335,2018-07-25,22:14:45,3652,15.2282
8,3667831745,2020-04-10,10:10:08,1091,4.2275
5,3932997968,2022-04-23,21:31:23,6517,24.0824
4,3330122691,2023-04-16,18:40:34,881,2.1855
3,3335098393,2016-08-24,20:35:44,3469,3.3189
3,3809957773,2022-03-17,18:30:25,4164,19.3634
2,3663942373,2022-07-18,11:07:01,1337,1.3918
5,3485961586,2022-04-13,13:28:42,4482,10.2386
7,3891596966,2020-12-04,09:50:42,1529,4.8763
6,3359374529,2024-12-13,08:14:12,1217,2.3952
5,3359721811,2021-10-21,19:00:23,501,1.4416
4,3665341928,2018-05-18,15:37:33,82,0.1625
4,3356484085,2021-07-15,17:58:15,7059,19.4006
6,3471746120,2016-06-23,22:30:30,1764,1.9331
3,3918652785,2024-03-24,09:09:42,1050,4.6032
5,3491318699,2022-04-27,22:32:04,4647,6.4152
5,3707066253,2021-04-28,20:53:40,2973,14.0612
4,3209968814,2018-10-30,20:03:48,3547,3.0242
6,3498687403,2022-08-02,19:01:12,5512,21.0272
7,3356558523,2023-12-13,21:38:53,7111,11.6653
3,3663942373,2018-05-07,22:39:50,4184,18.9029
5,3381851569,2021-01-08,12:15:38,4280,8.1879
2,3939975711,2022-08-07,20:38:01,3428,3.2707
4,3702994680,2022-05-11,11:49:41,337,0.7643
3,3936652404,2017-06-18,21:41:51,2807,5.563
5,3203404384,2020-04-12,17:58:19,7017,33.5189
5,3483888993,2022-09-25,19:48:55,6887,25.1373
7,3926289023,2020-05-24,11:30:21,755,2.7654
2,3333271950,2017-08-04,09:16:40,2207,10.4053
2,3805086376,2020-07-20,14:20:59,2665,12.2535
4,3351554262,2023-04-08,18:19:12,6774,14.3495
4,3892233206,2018-03-09,15:16:38,3482,12.426
5,3930913431,2024-03-05,11:51:49,5648,10.9857
4,3389960653,2019-05-26,18:45:34,4539,9.3426
4,3893598933,2020-11-22,12:07:46,5930,26.4674
7,3479652239,2019-12-14,13:38:50,5199,22.1738
5,3706270289,2023-09-13,22:23:15,3218,8.8993
3,3409212779,2024-09-07,21:34:21,1208,2.1387
4,3472260256,2023-03-22,10:24:52,4521,22.2889
4,3201338908,2017-08-09,13:51:59,2097,9.829
7,3898544587,2023-04-25,15:32:36,3454,5.284
4,3921219136,2018-09-29,22:38:06,3912,10.0189
7,3661888880,2020-01-19,11:11:07,2970,11.7628
4,3289169985,2018-02-27,09:17:06,4503,13.4458
5,3207527354,2023-03-20,10:59:47,5635,14.0921
3,3805667010,2023-03-22,08:00:07,2775,13.5965
7,3337381684,2021-03-10,16:27:15,1898,3.0784
5,3205064138,2020-11-14,15:59:35,2906,12.5248
2,3807974034,2022-12-29,17:48:14,1417,5.892
4,3708424508,2023-05-17,13:34:39,152,0.73
3,3452003791,2023-04-24,15:51:31,1030,1.1137
5,3479427881,2021-09-24,14:15:29,5003,6.9264
5,3357127484,2020-11-23,15:06:00,1966,7.0285
4,3350690331,2019-05-21,19:28:13,1912,2.1062
3,3208835615,2024-04-12,21:28:09,6065,27.3846
5,3458567700,2023-12-31,19:01:34,6277,11.5756
7,3486368872,2022-12-05,22:27:50,7179,21.0851
7,3498687403,2018-04-29,22:32:39,3187,13.7007
7,3282410386,2023-06-09,18:09:45,643,2.1031
4,3475797279,2023-04-21,12:50:25,1706,2.7484
7,3499818299,2019-01-01,15:15:45,2391,10.9029
4,3497055169,2021-10-26,22:01:43,4624,7.9732
5,3475797279,2021-07-19,21:45:51,189,0.4445
4,3932911467,2022-11-30,19:01:31,3584,13.6363
7,3453339521,2018-09-22,09:27:16,2862,4.7426
3,3497016873,2018-11-15,22:10:10,1805,7.8803
6,3381851569,2019-01-13,13:54:02,3134,7.0405
4,3608891637,2020-02-29,09:45:58,1310,1.3977
5,3890534578,2022-07-21,08:16:05,4312,20.2896
3,3357393638,2019-06-12,16:09:54,3580,6.7073
3,3807808562,2021-03-03,14:26:19,1375,4.018
2,3924700766,2022-12-15,08:36:41,6425,26.1185
7,3808663266,2022-05-03,12:18:35,3862,18.3396
5,3458011848,2022-06-24,14:01:51,1610,5.2777
8,3201429401,2022-01-25,10:17:52,6425,9.2595
7,3892628498,2024-10-16,21:35:48,3032,11.5233
8,3891349361,2024-02-06,12:15:50,81,0.1682
6,3209324808,2023-11-16,15:32:52,179,0.5079
6,3458011848,2021-11-09,19:08:10,406,1.0959
5,3203928272,2017-10-01,14:55:38,6844,15.4526
6,3381699586,2021-04-05,21:15:29,1444,5.4067
4,3478758428,2018-06-04,12:40:38,6190,5.2606
4,3602694958,2021-06-24,07:18:29,4342,17.9251
5,3892233206,2020-02-09,19:35:34,5959,14.4023
3,3457147859,2021-12-22,18:50:38,4740,17.915
3,3494701204,2021-04-24,15:33:59,3349,4.6547
6,3382259136,2021-07-04,11:51:02,1704,1.6781
5,3284797480,2020-12-05,16:07:38,3388,7.8753
5,3921412478,2018-10-01,07:20:31,1637,6.4138
5,3351382675,2023-09-28,11:28:55,4846,19.8311
4,3494701204,2019-10-29,16:25:15,1175,0.8667
5,3479502402,2022-03-09,15:31:25,3830,14.3849
5,3491687849,2023-03-16,21:08:26,430,0.7439
6,3491318699,2022-07-04,16:23:03,2881,7.727
5,3456897028,2022-04-20,20:04:38,2418,5.3293
5,3899825071,2021-05-29,22:02:59,7125,30.9065
2,3388059826,2018-05-29,17:12:19,4161,5.7662
4,3608122362,2023-05-02,15:03:01,4183,6.7528
7,3893622660,2023-12-21,07:28:25,2746,11.3324
5,3477854777,2018-11-01,17:18:23,427,1.7672
6,3470316179,2022-07-09,21:48:31,3560,14.1537
5,3283105183,2021-11-10,09:09:59,6766,15.5912
4,3910629620,2020-02-21,21:46:46,5213,9.5092
7,3209477752,2019-11-07,13:05:39,3154,5.8716
2,3897351585,2015-12-01,08:19:00,1099,1.6589
6,3451121965,2020-11-25,20:51:52,1252,3.1508
4,3209275326,2023-05-05,13:00:04,1348,5.9154
5,3602975161,2021-10-22,22:50:04,1804,4.8636
5,3708071545,2020-01-27,22:07:05,5493,14.602
7,3358184518,2019-10-24,18:54:30,2124,6.7271
4,3382325367,2021-08-01,17:40:42,2684,7.9153
4,3350324171,2022-04-14,15:51:38,6385,29.0638
6,3382842102,2019-09-26,07:27:30,2239,4.6765
4,3475290965,2021-07-07,22:46:25,430,2.0607
6,3921412478,2021-02-23,15:06:52,1222,3.7537
6,3479427881,2023-11-05,14:56:15,3813,17.4982
4,3939061203,2018-05-28,18:26:47,3285,8.1586
6,3922029702,2017-06-07,09:15:10,5114,14.0725
3,3357545588,2021-08-10,09:49:20,476,1.2159
4,3453613861,2023-11-28,11:26:30,260,0.5494
6,3485650609,2021-12-19,16:15:31,4039,18.932
6,3894733848,2024-06-16,13:25:27,6968,11.7444
5,3800494519,2024-02-12,12:21:10,4908,10.2297
5,3280025787,2021-06-16,09:06:05,684,2.8159
4,3931618495,2022-04-26,20:31:57,766,3.6122
6,3891983863,2024-08-22,11:03:00,3870,5.5579
6,3938568557,2019-09-03,18:43:43,6782,25.0929
5,3350324171,2021-09-01,09:02:10,2547,5.3418
5,3932997376,2020-05-27,09:02:39,11,0.0465
4,3802386922,2021-05-23,12:57:25,6761,33.614
2,3930699016,2018-01-08,16:39:53,4319,4.2209
5,3333291212,2021-08-21,11:04:29,4975,21.6929
3,3894648877,2019-07-06,10:31:38,1843,6.7315
7,3458346578,2022-04-09,17:42:10,5702,15.4801
4,3357393638,2020-08-14,16:18:41,5790,24.2993
6,3338785191,2020-03-20,14:50:54,2543,9.0372
5,3935160481,2021-06-13,21:09:45,1281,1.0583
4,3407849808,2021-08-27,10:09:06,3687,4.4729
5,3915250074,2017-10-05,16:49:21,5643,11.5857
5,3485271111,2023-11-15,22:27:26,1014,4.7619
7,3914186256,2022-11-29,16:59:45,1728,7.8582
3,3350067626,2020-09-20,18:10:25,1578,3.4117
3,3930500978,2021-02-18,15:24:11,6666,18.8182
6,3604115262,2018-01-27,17:28:08,6692,13.9412
3,3937234601,2021-10-04,20:42:20,6166,19.249
4,3404140602,2022-06-13,07:55:50,1354,6.5018
6,3406841459,2017-12-31,22:56:21,1223,1.0381
7,3932400842,2023-07-02,22:17:58,1666,6.3142
2,3912795687,2021-03-30,07:40:23,5837,12.5661
4,3801853747,2020-01-24,17:00:06,3965,15.9002
5,3495208814,2023-03-18,13:13:09,2733,9.8795
7,3382259136,2022-11-01,15:33:25,4341,21.5852
6,3333291212,2023-06-23,13:27:49,6000,24.8073
8,3898544587,2024-04-04,16:34:48,3749,3.2225
5,3665690927,2019-04-06,20:37:40,6496,6.0984
5,3808222394,2022-02-07,20:59:29,4996,15.7119
5,3471438663,2018-05-28,14:28:16,2469,11.1843
6,3924498926,2022-06-10,14:42:57,4757,8.4101
6,3602975161,2017-10-02,14:02:14,6739,17.6118
5,3359933083,2022-03-03,20:03:04,6583,27.3034
6,3203404384,2021-06-14,20:01:32,7125,34.1614
7,3891983863,2024-04-26,16:49:38,5443,4.8362
4,3701889241,2019-09-04,16:49:07,7016,11.8169
4,3489733484,2020-09-01,17:11:34,5384,8.2615
6,3804679970,2019-05-05,09:21:41,2021,9.6372
5,3330122691,2019-11-16,11:59:47,5998,10.7095
4,3936179327,2017-06-19,15:26:10,3503,5.4334
5,3915655125,2021-08-24,10:48:59,2375,4.7685
4,3337133959,2022-06-25,09:09:55,1004,4.3806
5,3201338908,2018-07-29,09:49:49,6517,25.7635
4,3409212779,2022-07-03,10:48:28,2775,3.3103
8,3471779717,2024-09-12,21:32:07,3952,14.0744
6,3918207151,2021-02-15,18:50:05,2903,4.1544
5,3472818268,2022-01-31,15:46:01,5091,21.1393
8,3891983863,2021-03-19,09:10:09,2812,3.8285
5,3453613861,2024-08-18,13:30:59,6213,21.1458
4,3911822782,2019-11-18,19:50:48,3552,3.9621
6,3899825071,2022-08-31,19:13:10,1567,5.262
5,3897358662,2024-10-17,09:47:14,6846,24.0553
4,3487284639,2020-10-26,22:35:49,3760,8.8167
3,3910103930,2022-12-22,13:57:02,308,0.8098
6,3201338908,2020-06-07,18:01:42,3061,10.6455
7,3406841459,2021-09-06,07:20:55,3806,3.9429
5,3709308488,2020-10-31,10:37:08,3888,10.9207
3,3915901751,2022-11-27,10:39:51,276,1.1242
8,3479652239,2020-05-06,14:19:34,6745,16.9374
6,3932997376,2021-12-13,10:03:19,5456,26.4307
6,3929413435,2020-11-30,15:52:24,1263,2.3781
6,3458567700,2023-06-06,09:33:23,625,1.7662
3,3701847230,2020-01-23,20:01:01,2345,4.8939
4,3380744666,2015-12-02,11:59:33,4949,16.157
5,3608122362,2023-12-10,10:06:16,6301,13.3144
5,3387961143,2019-11-08,12:36:13,4779,19.7609
3,3924700766,2022-11-01,15:19:53,6241,19.0407
5,3337133959,2022-07-18,16:58:35,5399,10.5606
7,3458011848,2023-10-20,08:19:58,3452,3.692
6,3665690927,2020-09-02,08:08:04,782,3.7371
7,3662410564,2020-11-24,10:57:30,358,0.9666
4,3385556258,2023-07-30,10:16:10,4850,22.9818
8,3458011848,2022-12-05,09:21:10,1526,5.3056
7,3451121965,2023-09-30,10:40:51,147,0.3976
5,3473542168,2022-04-25,12:47:52,7086,25.6793
6,3485271111,2022-02-17,07:43:33,7178,13.2867
9,3891983863,2024-10-27,13:31:35,1958,1.8091
3,3489651370,2024-02-16,13:52:33,2407,5.1955
2,3355478872,2023-12-20,20:58:37,2366,4.339
4,3499035213,2023-10-17,10:45:26,2098,7.2929
5,3384065965,2019-12-12,10:25:37,1576,6.1507
4,3472475469,2022-08-08,12:52:41,4763,5.6516
3,3487743490,2018-02-03,11:45:02,1901,9.4897
5,3400873753,2015-04-18,09:43:25,1099,5.3294
3,3926798079,2024-12-31,10:36:00,5349,8.4383
2,3284653755,2023-11-27,07:26:06,2806,4.3795
7,3911167190,2017-07-12,10:55:23,2673,13.1015
5,3602694958,2024-05-31,15:28:42,1661,7.2812
7,3491318699,2023-02-05,19:22:12,7136,25.3474
6,3932997968,2023-07-16,22:31:17,3593,3.1572
7,3201338908,2019-08-30,21:10:03,6411,28.9696
5,3407849808,2022-07-22,21:33:18,1679,4.1271
8,3486368872,2020-10-06,11:18:17,1460,3.6695
4,3488350305,2022-02-26,09:37:29,2859,5.6623
3,3451839335,2019-03-06,13:44:55,2267,9.758
5,3915705120,2020-03-06,15:10:30,1816,4.6585
7,3938568557,2018-02-19,14:41:31,3160,5.1038
9,3667831745,2022-09-19,11:07:17,5918,13.4552
4,3807976438,2020-02-23,10:17:55,5402,15.6915
2,3891179808,2023-09-18,07:04:36,887,1.5185
3,3609051518,2023-04-26,14:48:42,4564,19.9691
6,3477613791,2023-11-24,12:40:31,4338,2.9554
3,3402417974,2022-11-30,17:49:44,6315,19.3667
5,3209275326,2023-10-28,07:30:12,1544,1.755
5,3912779010,2021-11-30,20:16:44,6601,12.1794
5,3669440640,2024-11-15,19:42:53,4938,15.3865
3,3809078447,2018-04-15,19:30:39,1617,7.316
3,3917584161,2020-02-01,17:22:30,6227,10.6589
7,3665690927,2021-12-04,14:27:35,144,0.5264
4,3805876036,2022-07-16,11:14:26,7108,6.0901
6,3490862118,2018-12-25,09:06:43,4503,11.6127
4,3471351823,2018-09-01,13:13:23,803,0.6627
3,3283413164,2023-05-20,20:07:17,5277,16.9781
8,3459837354,2016-05-06,09:21:59,1949,6.4662
4,3456763201,2024-04-14,15:50:38,4408,17.1962
3,3402023413,2021-02-20,14:02:30,5654,10.558
5,3920876038,2022-09-29,07:59:53,4020,16.9133
6,3351382675,2024-10-01,20:56:21,829,0.8713
4,3452856914,2023-06-24,15:00:27,5714,12.4498
4,3809078447,2021-12-21,21:35:44,1355,1.0613
7,3899868727,2023-07-26,07:42:17,1587,2.2413
4,3894648877,2017-03-20,08:46:11,1614,6.862
8,3804743671,2018-05-28,16:29:03,5430,14.196
5,3284420678,2021-12-04,08:07:46,5941,9.2167
5,3892099934,2024-11-02,16:53:43,3547,4.7306
5,3454874016,2022-10-12,12:30:24,72,0.1015
4,3335098393,2018-01-26,12:43:53,3453,3.9259
5,3603540838,2022-08-29,13:04:09,3410,3.8757
6,3917589178,2021-05-29,12:17:45,4271,16.0567
6,3499562137,2024-09-28,17:56:28,1299,5.5312
3,3666220863,2021-08-07,13:28:27,1420,4.706
10,3891983863,2023-03-24,15:20:16,4976,7.9349
5,3385753260,2022-01-14,07:12:25,2431,5.5766
7,3203404384,2019-06-30,09:55:37,954,3.9292
6,3485314737,2021-09-11,14:47:44,4380,20.9427
5,3804170805,2020-08-28,22:25:58,5331,16.9679
3,3488909010,2020-02-14,11:03:33,1482,4.4496
4,3924700766,2024-12-08,11:15:58,425,1.2197
8,3282410386,2024-05-20,09:15:34,4534,4.6646
4,3457147859,2022-05-16,09:16:16,2730,8.3136
5,3209968814,2018-05-11,08:27:31,6975,29.9756
8,3932400842,2023-05-23,09:33:09,5128,13.2482
6,3890728679,2019-09-10,09:47:48,2646,7.0487
3,3488709986,2017-10-23,17:01:02,6280,4.5004
7,3498932528,2024-09-04,07:55:51,5933,4.7356
7,3285415667,2020-04-05,09:05:44,1569,4.3148
6,3472818268,2021-07-29,21:50:57,4425,15.3667
2,3351838425,2020-03-09,07:46:09,2904,5.8728
6,3668693806,2021-07-04,16:48:18,2146,2.9118
5,3494948126,2020-03-22,11:38:42,4731,14.2248
4,3660542357,2019-11-28,09:09:11,6763,26.8761
4,3919356465,2019-10-07,08:20:24,3851,3.2412
5,3350690331,2018-10-03,07:02:38,410,0.2783
5,3386838851,2024-06-03,14:24:22,5225,11.2152
4,3891473210,2022-04-25,15:33:09,3329,7.6682
6,3661850671,2021-03-08,20:09:51,2217,6.3937
8,3498687403,2020-04-12,08:23:19,6740,9.4653
5,3602696582,2022-05-22,08:35:45,332,1.1205
5,3289169985,2020-03-16,13:15:26,4942,21.6267
8,3206324241,2023-08-20,18:50:01,6337,21.3708
6,3669321334,2023-12-07,12:08:04,507,0.9264
6,3894687234,2018-02-16,19:16:53,4340,5.2303
6,3915001701,2019-09-28,07:16:40,6017,10.7556
4,3919082723,2019-06-23,12:35:30,4093,18.3447
3,3495502296,2018-09-04,13:24:45,6267,9.2749
2,3602267528,2022-12-16,19:17:15,1278,4.5791
8,3209477752,2019-06-26,19:39:43,2427,9.2532
4,3806033419,2019-05-07,16:26:19,1309,0.9901
9,3661269448,2022-02-07,11:23:46,5951,25.7589
2,3408682300,2019-07-20,10:19:49,2073,2.1201
3,3805086376,2019-02-28,19:18:40,3203,4.3099
